openalex_id,doi,year,type,title,venue,primary_topic,matched_terms,auto_flag,abstract_first_60_words
https://openalex.org/W1491941570,https://doi.org/10.1049/iet-cdt.2014.0215,2015,editorial,Guest Editorial,IET Computers & Digital Techniques,Embedded Systems Design Techniques,run-time adaptation,,"Energy efficiency is one of the primary design constraints for electronic systems such as mobile devices that operate using batteries and servers that are designed to reduce their running costs. In the area of mobile computing, the current rate of battery life improvement of around 5 % per year means that the limited energy budget could delay the introduction of"
https://openalex.org/W2768646057,https://doi.org/10.1109/iccd.2017.49,2017,conference-paper,A Dynamic Deep Neural Network Design for Efficient Workload Allocation in Edge Computing,,Advanced Neural Network Applications,dynamic DNN,,"Unreliable communication channels and limited computing resources at the edge end are two primary constraints of battery-powered movable devices, such as autonomous robots and unmanned aerial vehicles (UAVs). The impact is especially severe for those performing deep neural network (DNN) computations. With increasing demand for accuracy, the trend in modern DNN designs is the use of cascaded modularized layers. Implementing"
https://openalex.org/W2962752334,https://doi.org/10.15353/vsnl.v3i1.171,2017,article,Fast YOLO: A Fast You Only Look Once System for Real-time Embedded Object Detection in Video,Journal of Computational Vision and Imaging Systems,Advanced Neural Network Applications,adaptive inference,,"Object detection is considered one of the most challenging problemsin this field of computer vision, as it involves the combinationof object classification and object localization within a scene. Recently,deep neural networks (DNNs) have been demonstrated toachieve superior object detection performance compared to otherapproaches, with YOLOv2 (an improved You Only Look Once model)being one of the state-of-the-art in DNN-based object detectionmethods"
https://openalex.org/W4302583374,https://doi.org/10.48550/arxiv.1709.05943,2017,preprint,Fast YOLO: A Fast You Only Look Once System for Real-time Embedded\n Object Detection in Video,arXiv (Cornell University),Advanced Neural Network Applications,adaptive inference,,"Object detection is considered one of the most challenging problems in this\nfield of computer vision, as it involves the combination of object\nclassification and object localization within a scene. Recently, deep neural\nnetworks (DNNs) have been demonstrated to achieve superior object detection\nperformance compared to other approaches, with YOLOv2 (an improved You Only\nLook Once model) being one of the state-of-the-art in DNN-based object\ndetection"
https://openalex.org/W2794478957,https://doi.org/10.1109/hpca.2018.00018,2018,conference-paper,In-Situ AI: Towards Autonomous and Incremental Deep Learning for IoT Systems,,Advanced Neural Network Applications,configuration selection,,"Recent years have seen an exploration of data volumes from a myriad of IoT devices, such as various sensors and ubiquitous cameras. The deluge of IoT data creates enormous opportunities for us to explore the physical world, especially with the help of deep learning techniques. Traditionally, the Cloud is the option for deploying deep learning based applications. However, the challenges"
https://openalex.org/W2910908473,https://doi.org/10.1109/rtcsa.2018.00019,2018,conference-paper,An Adaptive Computation Framework of Distributed Deep Learning Models for Internet-of-Things Applications,,IoT and Edge/Fog Computing,adaptive inference,,"We propose the computation framework that facilitates the inference of the distributed deep learning model to be performed collaboratively by the devices in a distributed computing hierarchy. For example, in Internet-of-Things (IoT) applications, the three-tier computing hierarchy consists of end devices, gateways, and server(s), and the model inference could be done adaptively by one or more computing tiers from the"
https://openalex.org/W2950576443,https://doi.org/10.48550/arxiv.1812.09026,2018,preprint,Deep Reinforcement Learning for Real-Time Optimization in NB-IoT Networks,arXiv (Cornell University),IoT Networks and Protocols,configuration selection,,"NarrowBand-Internet of Things (NB-IoT) is an emerging cellular-based technology that offers a range of flexible configurations for massive IoT radio access from groups of devices with heterogeneous requirements. A configuration specifies the amount of radio resource allocated to each group of devices for random access and for data transmission. Assuming no knowledge of the traffic statistics, there exists an important"
https://openalex.org/W2957242392,https://doi.org/10.20372/nadre/10539,2018,article,Automatic Route Setting and Dynamic Rescheduling Following Disturbance,National Academic Digital Repository of Ethiopia,Railway Systems and Energy Efficiency,model routing,,"Nowadays, development cannot be achieved without modern infrastructure capacity. The new railway project which links Addis Ababa to Djibouti aims to fulfill this task through safety and reliability as major goals. Railway operating near their theoretical capacity is particularly vulnerable to disruption by human behavior or engineering failures that lead to delays or to even cancellations of services. In order"
https://openalex.org/W2905601756,https://doi.org/10.1109/jsac.2019.2904366,2019,article,Reinforcement Learning for Real-Time Optimization in NB-IoT Networks,IEEE Journal on Selected Areas in Communications,IoT Networks and Protocols,configuration selection,,"NarrowBand Internet of Things (NB-IoT) is an emerging cellular-based technology that offers a range of flexible configurations for massive IoT radio access from groups of devices with heterogeneous requirements. A configuration specifies the amount of radio resource allocated to each group of devices for random access and for data transmission. Assuming no knowledge of the traffic statistics, there exists an"
https://openalex.org/W2920031528,https://doi.org/10.1109/infocom.2019.8737614,2019,conference-paper,Dynamic Adaptive DNN Surgery for Inference Acceleration on the Edge,,Advanced Neural Network Applications,adaptive DNN,,"Recent advances in deep neural networks (DNNs) have substantially improved the accuracy and speed of a variety of intelligent applications. Nevertheless, one obstacle is that DNN inference imposes heavy computation burden to end devices, but offloading inference tasks to the cloud causes transmission of a large volume of data. Motivated by the fact that the data size of some intermediate"
https://openalex.org/W2927152095,,2019,preprint,Context-aware Dynamic Block.,arXiv (Cornell University),Advanced Neural Network Applications,dynamic inference,,"Although deeper and larger neural networks have achieved better performance nowadays, the complex network structure and increasing computational cost cannot meet the demands of many resource-constrained applications. An effective way to address this problem is to make use of dynamic inference mechanism. Existing methods usually choose to execute or skip an entire specific layer through a switch structure, which can"
https://openalex.org/W3003782683,https://doi.org/10.1109/icpads47876.2019.00080,2019,conference-paper,Enabling Adaptive Deep Neural Networks for Video Surveillance in Distributed Edge Clouds,,Video Surveillance and Tracking Methods,adaptive DNN,,"In the field of video surveillance, the demands of intelligent video analysis services based on Deep Neural Networks (DNNs) have grown rapidly. Although most existing studies focus on the performance of DNNs pre-deployed at remote clouds, the network delay caused by computation offloading from network cameras to remote clouds is usually long and sometimes unbearable. Edge computing can enable rich"
https://openalex.org/W3009921999,https://doi.org/10.1109/globecom38437.2019.9013742,2019,conference-paper,Privacy-Aware Edge Computing Based on Adaptive DNN Partitioning,,Privacy-Preserving Technologies in Data,adaptive DNN,,"Recent years have witnessed deep neural networks (DNNs) become the de facto tool in many applications such as image classification and speech recognition. But significant unmet needs remain in performing DNN inference tasks on mobile devices. Although edge computing enables complex DNN inference tasks to be performed in close proximity to the mobile device, performance optimization requires a carefully designed"
https://openalex.org/W3004633656,,2020,article,Optimizing Deep Learning Inference on Embedded Systems Through Adaptive Model Selection,Lancaster EPrints (Lancaster University),Advanced Neural Network Applications,adaptive model selection,,"Deep neural networks (DNNs) are becoming a key enabling technique for many application domains. However, on-device inference on battery-powered, resource-constrained embedding systems is often infeasible due to prohibitively long inferencing time and resource requirements of many DNNs. Offloading computation into the cloud is often unacceptable due to privacy concerns, high latency, or the lack of connectivity. Although compression algorithms often"
https://openalex.org/W3009990445,https://doi.org/10.1364/ofc.2020.th2a.28,2020,conference-paper,Adaptive DNN Model Partition and Deployment in Edge Computing-enabled Metro Optical Interconnection Network,,Advanced Optical Network Technologies,adaptive DNN,,A DNN model partition and deployment algorithm is proposed between edge nodes and cloud in metro optical network. Simulation results show that the algorithm can deploy more DNN tasks with the same network resource.
https://openalex.org/W3010833785,https://doi.org/10.1109/jstsp.2020.2979669,2020,article,"Dual Dynamic Inference: Enabling More Efficient, Adaptive, and Controllable Deep Inference",IEEE Journal of Selected Topics in Signal Processing,Advanced Neural Network Applications,dynamic inference,,"State-of-the-art convolutional neural networks (CNNs) yield record-breaking predictive performance, yet at the cost of high-energy-consumption inference, that prohibits their widely deployments in resource-constrained Internet of Things (IoT) applications. We propose a dual dynamic inference (DDI) framework that highlights the following aspects: 1) we integrate both input-dependent and resource-dependent dynamic inference mechanisms under a unified framework in order to fit the"
https://openalex.org/W3010837127,https://doi.org/10.1109/mnet.011.1900305,2020,article,Edge-Assisted Distributed DNN Collaborative Computing Approach for Mobile Web Augmented Reality in 5G Networks,IEEE Network,IoT and Edge/Fog Computing,adaptive DNN,,"Web-based DNNs provide accurate object recognition to the mobile Web AR, which is newly emerging as a lightweight mobile AR solution. Web-based DNNs are attracting a great deal of attention. However, balancing the UX against the computing cost for DNN-based object recognition on the Web is difficult for both self-contained and cloud-based offloading approaches, as it is a latency-sensitive service"
https://openalex.org/W3013202691,https://doi.org/10.1109/asp-dac47756.2020.9045166,2020,conference-paper,A Flexible Processing-in-Memory Accelerator for Dynamic Channel-Adaptive Deep Neural Networks,,Advanced Neural Network Applications,adaptive DNN|dynamic DNN,,"With the success of deep neural networks (DNN), many recent works have been focusing on developing hardware accelerator for power and resource-limited embedded system via model compression techniques, such as quantization, pruning, low-rank approximation, etc. However, almost all existing DNN structure is fixed after deployment, which lacks runtime adaptive DNN structure to adapt to its dynamic hardware resource, power budget,"
https://openalex.org/W3013634724,https://doi.org/10.1109/jproc.2020.2977722,2020,article,Self-Aware Neural Network Systems: A Survey and New Perspective,Proceedings of the IEEE,Advanced Neural Network Applications,model switching,,"Neural network (NN) processors are specially designed to handle deep learning tasks by utilizing multilayer artificial NNs. They have been demonstrated to be useful in broad application fields such as image recognition, speech processing, machine translation, and scientific computing. Meanwhile, innovative self-aware techniques, whereby a system can dynamically react based on continuously sensed information from the execution environment, have attracted"
https://openalex.org/W3014859179,https://doi.org/10.1184/r1/12026319.v1,2020,dissertation,Hardware-Aware AutoML for Efficient Deep Learning Applications,INDIGO (University of Illinois at Chicago),Machine Learning and Data Classification,adaptive DNN,,"Deep Neural Networks (DNNs) have been traditionally designed by human experts in a painstaking and expensive process, dubbed by many researchers to be more of an art than science. However, the ever increasing demand for state-of-the-art performance and real-world deployment has resulted in larger models, making the manual DNN design a daunting task. AutoML presents a promising path towards<br>alleviating this"
https://openalex.org/W3035136443,https://doi.org/10.1109/cvpr42600.2020.00959,2020,conference-paper,Partial Weight Adaptation for Robust DNN Inference,,Image Enhancement Techniques,adaptive inference,,"Mainstream video analytics uses a pre-trained DNN model with an assumption that inference input and training data follow the same probability distribution. However, this assumption does not always hold in the wild: autonomous vehicles may capture video with varying brightness; unstable wireless bandwidth calls for adaptive bitrate streaming of video; and, inference servers may serve inputs from heterogeneous IoT devices/cameras."
https://openalex.org/W3041411561,https://doi.org/10.1007/978-3-030-58526-6_2,2020,conference-paper,Learning to Learn Parameterized Classification Networks for Scalable Input Images,Lecture notes in computer science,Advanced Neural Network Applications,adaptive inference,,
https://openalex.org/W3046973038,https://doi.org/10.1109/isvlsi49217.2020.00090,2020,conference-paper,DoubtNet: Using Semantic Context to Enable Adaptive Inference for the IoT,,Advanced Neural Network Applications,adaptive inference,,"While techniques such as model pruning and precision reduction have improved the efficiency of Deep Neural Network (DNN) inference, DNN-based object detection still involves substantial computation, thereby limiting the scope of DNN inference on compute-limited platforms, such as many IoT devices. Proposed methods for differentiating easy versus difficult classification cases, such as early exit, can reduce the average amount of"
https://openalex.org/W3047565185,https://doi.org/10.1109/infocom41043.2020.9155237,2020,conference-paper,Distributed Inference Acceleration with Adaptive DNN Partitioning and Offloading,,Advanced Neural Network Applications,adaptive DNN,,"Deep neural networks (DNN) are the de-facto solution behind many intelligent applications of today, ranging from machine translation to autonomous driving. DNNs are accurate but resource-intensive, especially for embedded devices such as mobile phones and smart objects in the Internet of Things. To overcome the related resource constraints, DNN inference is generally offloaded to the edge or to the cloud."
https://openalex.org/W3059280052,https://doi.org/10.1109/tii.2020.3017573,2020,article,Accuracy-Guaranteed Collaborative DNN Inference in Industrial IoT via Deep Reinforcement Learning,IEEE Transactions on Industrial Informatics,IoT and Edge/Fog Computing,adaptive inference,,"Collaboration among industrial Internet of Things (IoT) devices and edge networks is essential to support computation-intensive deep neural network (DNN) inference services, which require low delay and high accuracy. Sampling rate adaption, which dynamically configures the sampling rates of industrial IoT devices according to network conditions, is the key in minimizing the service delay. In this article, we investigate the"
https://openalex.org/W3082138134,https://doi.org/10.48550/arxiv.2008.13305,2020,preprint,An Integrated Approach to Produce Robust Models with High Efficiency,arXiv (Cornell University),Adversarial Robustness in Machine Learning,adaptive DNN,,"Deep Neural Networks (DNNs) needs to be both efficient and robust for practical uses. Quantization and structure simplification are promising ways to adapt DNNs to mobile devices, and adversarial training is the most popular method to make DNNs robust. In this work, we try to obtain both features by applying a convergent relaxation quantization algorithm, Binary-Relax (BR), to a robust"
https://openalex.org/W3089057106,https://doi.org/10.1109/tcsii.2020.3026642,2020,article,AIDX: Adaptive Inference Scheme to Mitigate State-Drift in Memristive VMM Accelerators,IEEE Transactions on Circuits & Systems II Express Briefs,Advanced Memory and Neural Computing,adaptive inference,,An adaptive inference method for crossbar (AIDX) is presented based on an optimization scheme for adjusting the duration and amplitude of input voltage pulses. AIDX minimizes the long-term effects of memristance drift on artificial neural network accuracy. The sub-threshold behavior of memristor has been modeled and verified by comparing with fabricated device data. The proposed method has been evaluated by
https://openalex.org/W3092198188,https://doi.org/10.48550/arxiv.2010.02432,2020,preprint,"A Panda? No, It's a Sloth: Slowdown Attacks on Adaptive Multi-Exit Neural Network Inference",arXiv (Cornell University),Adversarial Robustness in Machine Learning,adaptive DNN,,"Recent increases in the computational demands of deep neural networks (DNNs), combined with the observation that most input samples require only simple models, have sparked interest in $input$-$adaptive$ multi-exit architectures, such as MSDNets or Shallow-Deep Networks. These architectures enable faster inferences and could bring DNNs to low-power devices, e.g., in the Internet of Things (IoT). However, it is unknown if"
https://openalex.org/W3094307698,https://doi.org/10.1145/3340531.3411973,2020,conference-paper,EPNet: Learning to Exit with Flexible Multi-Branch Network,,Advanced Neural Network Applications,dynamic inference,,"Dynamic inference is an emerging technique that reduces the computational cost of deep neural network under resource-constrained scenarios, such as inference on mobile devices. One way to achieve dynamic inference is to leverage multi-branch neural networks that apply different computation on input data by following different branches. Conventional research on multi-branch neural networks mainly targeted at improving the accuracy of"
https://openalex.org/W3096084597,https://doi.org/10.1109/tpds.2020.3035044,2020,article,Cuttlefish: Neural Configuration Adaptation for Video Analysis in Live Augmented Reality,IEEE Transactions on Parallel and Distributed Systems,Image and Video Quality Assessment,configuration selection,,"Instead of relying on remote clouds, today's Augmented Reality (AR) applications usually send videos to nearby edge servers for analysis (such as objection detection) so as to optimize the user's quality of experience (QoE), which is often determined by not only detection latency but also detection accuracy, playback fluency, etc. Therefore, many studies have been conducted to help adaptively choose"
https://openalex.org/W3108329278,,2020,dissertation,Distributed deep learning inference in fog networks,Aaltodoc (Aalto University),IoT and Edge/Fog Computing,adaptive DNN,,"Today's smart devices are equipped with powerful integrated chips and built-in heterogeneous sensors that can leverage their potential to execute heavy computation and produce a large amount of sensor data. For instance, modern smart cameras integrate artificial intelligence to capture images that detect any objects in the scene and change parameters, such as contrast and color based on environmental conditions."
https://openalex.org/W3108637483,,2020,preprint,DA2: Deep Attention Adapter for Memory-EfficientOn-Device Multi-Domain Learning.,arXiv (Cornell University),Domain Adaptation and Few-Shot Learning,adaptive DNN,,"Nowadays, one practical limitation of deep neural network (DNN) is its high degree of specialization to a single task or domain (e.g. one visual domain). It motivates researchers to develop algorithms that can adapt DNN model to multiple domains sequentially, meanwhile still performing well on the past domains, which is known as multi-domain learning. Conventional methods only focus on improving"
https://openalex.org/W3108652056,https://doi.org/10.1007/978-3-030-58536-5_11,2020,conference-paper,S2DNAS: Transforming Static CNN Model for Dynamic Inference via Neural Architecture Search,Lecture notes in computer science,Advanced Neural Network Applications,dynamic inference,,
https://openalex.org/W3130607817,https://doi.org/10.1109/sec50012.2020.00014,2020,conference-paper,FlexDNN: Input-Adaptive On-Device Deep Learning for Efficient Mobile Vision,,Advanced Neural Network Applications,adaptive DNN,,"Mobile vision systems powered by the recent advancement in Deep Neural Networks (DNNs) are enabling a wide range of on-device video analytics applications. Considering mobile systems are constrained with limited resources, reducing resource demands of DNNs is crucial to realizing the full potential of these applications. In this paper, we present FlexDNN, an input-adaptive DNN-based framework for efficient on-device video"
https://openalex.org/W3134603645,https://doi.org/10.1109/icpads51040.2020.00097,2020,conference-paper,Adaptive DNN Partition in Edge Computing Environments,,Advanced Neural Network Applications,adaptive DNN,,"Deep Neural Network (DNN) has been applied widely nowadays, making remarkable achievements in a wide variety of research fields. With the improvement of the accuracy requirements for the inference results, the topology of DNN tends to be more and more complex, evolving from chain topology to directed acyclic graph (DAG) topology, which leads to the huge amount of computation. For"
https://openalex.org/W3141152795,,2020,preprint,$DA^3$: Deep Additive Attention Adaption for Memory-Efficient On-Device Multi-Domain Learning,arXiv (Cornell University),Domain Adaptation and Few-Shot Learning,adaptive DNN,,"Nowadays, one practical limitation of deep neural network (DNN) is its high degree of specialization to a single task or domain (e.g., one visual domain). It motivates researchers to develop algorithms that can adapt DNN model to multiple domains sequentially, meanwhile still performing well on the past domains, which is known as multi-domain learning. Almost all conventional methods only focus"
https://openalex.org/W3196833943,https://doi.org/10.48550/arxiv.2007.06181,2020,preprint,Learning to Learn Parameterized Classification Networks for Scalable\n Input Images,arXiv (Cornell University),Advanced Neural Network Applications,adaptive inference,,"Convolutional Neural Networks (CNNs) do not have a predictable recognition\nbehavior with respect to the input resolution change. This prevents the\nfeasibility of deployment on different input image resolutions for a specific\nmodel. To achieve efficient and flexible image classification at runtime, we\nemploy meta learners to generate convolutional weights of main networks for\nvarious input scales and maintain privatized Batch Normalization layers per\nscale. For"
https://openalex.org/W3198533388,https://doi.org/10.1109/socc49529.2020.9524770,2020,conference-paper,"Processing-in-Memory Accelerator for Dynamic Neural Network with Run-Time Tuning of Accuracy, Power and Latency",,Advanced Memory and Neural Computing,dynamic DNN,,"With the widely deployment of powerful deep neural network (DNN) into smart, but resource limited IoT devices, many prior works have been proposed to compress DNN in a hardware-aware manner to reduce the computing complexity, while maintaining accuracy, such as weight quantization, pruning, convolution decomposition, etc. However, in typical DNN compression methods, a smaller, but fixed, network structure is generated"
https://openalex.org/W3211856009,,2020,dissertation,Unsupervised Domain Adaptation for Audio Classification,Tampere University Institutional Repository (Tampere University),Music and Audio Processing,adaptive DNN,,"Machine learning algorithms have achieved the state-of-the-art results by utilizing deep neural networks (DNNs) across different tasks in recent years. However, the performance of DNNs suffers from mismatched conditions between training and test datasets. This is a general machine learning problem in all applications such as machine vision, natural language processing, and audio processing. For instance, the usage of different"
https://openalex.org/W3212845411,https://doi.org/10.17863/cam.68489,2020,dissertation,"Digital phenotyping through multimodal, unobtrusive sensing",Apollo (University of Cambridge),Robotics and Automated Systems,adaptive inference,,"The growing adoption of multimodal wearable and mobile devices, such as smartphones and wrist-worn watches has generated an increase in the collection of physiological and behavioural data at scale. This digital phenotyping data enables researchers to make inferences regarding users’ physical and mental health at scale, for the first time. However, translating this data into actionable insights requires computational approaches"
https://openalex.org/W4287558198,https://doi.org/10.48550/arxiv.2012.01362,2020,preprint,$DA^3$:Dynamic Additive Attention Adaption for Memory-EfficientOn-Device Multi-Domain Learning,arXiv (Cornell University),Domain Adaptation and Few-Shot Learning,adaptive DNN,,"Nowadays, one practical limitation of deep neural network (DNN) is its high degree of specialization to a single task or domain (e.g., one visual domain). It motivates researchers to develop algorithms that can adapt DNN model to multiple domains sequentially, while still performing well on the past domains, which is known as multi-domain learning. Almost all conventional methods only focus"
https://openalex.org/W3047082819,https://doi.org/10.1109/cloud53861.2021.00017,2021,conference-paper,The Case for Adaptive Deep Neural Networks in Edge Computing,,Advanced Neural Network Applications,adaptive DNN,,"Deep Neural Networks (DNNs) are an application class that benefit from being distributed across the edge and cloud. A DNN is partitioned such that specific layers of the DNN are deployed onto the edge and the cloud to meet performance and privacy objectives. However, there is limited understanding of: whether and how evolving operational conditions (increased CPU and memory utilization"
https://openalex.org/W3047467872,https://doi.org/10.1145/3478074,2021,article,DANA,Proceedings of the ACM on Interactive Mobile Wearable and Ubiquitous Technologies,Context-Aware Activity Recognition Systems,adaptive DNN,,"Motion sensors embedded in wearable and mobile devices allow for dynamic selection of sensor streams and sampling rates, enabling several applications, such as power management and data-sharing control. While deep neural networks (DNNs) achieve competitive accuracy in sensor data classification, DNN architectures generally process incoming data from a fixed set of sensors with a fixed sampling rate, and changes in"
https://openalex.org/W3123730180,https://doi.org/10.1007/978-3-030-67537-0_15,2021,conference-paper,A DNN Inference Acceleration Algorithm in Heterogeneous Edge Computing: Joint Task Allocation and Model Partition,"Lecture notes of the Institute for Computer Sciences, Social Informatics and Telecommunications Engineering",IoT and Edge/Fog Computing,adaptive DNN,,
https://openalex.org/W3123875677,https://doi.org/10.1145/3448125,2021,article,AdaSpring,Proceedings of the ACM on Interactive Mobile Wearable and Ubiquitous Technologies,IoT and Edge/Fog Computing,adaptive DNN,,"There are many deep learning (e.g. DNN) powered mobile and wearable applications today continuously and unobtrusively sensing the ambient surroundings to enhance all aspects of human lives. To enable robust and private mobile sensing, DNN tends to be deployed locally on the resource-constrained mobile devices via model compression. The current practice either hand-crafted DNN compression techniques, i.e., for optimizing DNN-relative"
https://openalex.org/W3124022277,https://doi.org/10.3390/s21020630,2021,article,Dynamic Inference Approach Based on Rules Engine in Intelligent Edge Computing for Building Environment Control,Sensors,IoT and Edge/Fog Computing,dynamic inference,,"Computation offloading enables intensive computational tasks in edge computing to be separated into multiple computing resources of the server to overcome hardware limitations. Deep learning derives the inference approach based on the learning approach with a volume of data using a sufficient computing resource. However, deploying the domain-specific inference approaches to edge computing provides intelligent services close to the edge"
https://openalex.org/W3126595748,https://doi.org/10.1109/tetc.2021.3056031,2021,article,Fully Dynamic Inference with Deep Neural Networks,IEEE Transactions on Emerging Topics in Computing,Advanced Neural Network Applications,dynamic inference,,"Modern deep neural networks are powerful and widely applicable models that extract task-relevant information through multi-level abstraction. Their cross-domain success, however, is often achieved at the expense of computational cost, high memory bandwidth, and long inference latency, which prevents their deployment in resource-constrained and time-sensitive scenarios, such as edge-side inference and self-driving cars. While recently developed methods for creating efficient"
https://openalex.org/W3129155488,https://doi.org/10.1145/3394885.3431628,2021,conference-paper,Dynamic Neural Network to Enable Run-Time Trade-off between Accuracy and Latency,,Advanced Neural Network Applications,dynamic DNN,,"To deploy powerful deep neural network (DNN) into smart, but resource limited IoT devices, many prior works have been proposed to compress DNN to reduce the network size and computation complexity with negligible accuracy degradation, such as weight quantization, network pruning, convolution decomposition, etc. However, by utilizing conventional DNN compression methods, a smaller, but fixed, network is generated from a"
https://openalex.org/W3130823781,https://doi.org/10.1109/tpds.2021.3058532,2021,article,DeepSlicing: Collaborative and Adaptive CNN Inference With Low Latency,IEEE Transactions on Parallel and Distributed Systems,Advanced Neural Network Applications,adaptive inference,,"The booming of Convolutional Neural Networks (CNNs) has empowered lots of computer-vision applications. Due to its stringent requirement for computing resources, substantial research has been conducted on how to optimize its deployment and execution on resource-constrained devices. However, previous works have several weaknesses, including limited support for various CNN structures, fixed scheduling strategies, overlapped computations, high synchronization overheads, etc. In"
https://openalex.org/W3160211771,https://doi.org/10.1109/icpr48806.2021.9412836,2021,conference-paper,Dynamic Multi-path Neural Network,,Advanced Neural Network Applications,dynamic inference,,"Although deeper and larger neural networks have achieved better performance, due to overwhelming burden on computation, they cannot meet the demands of deployment on resource-limited devices. An effective strategy to address this problem is to make use of dynamic inference mechanism, which changes the inference path for different samples at runtime. Existing methods only reduce the depth by skipping an"
https://openalex.org/W3173385564,https://doi.org/10.1109/aicas51828.2021.9458468,2021,conference-paper,Contention-aware Adaptive Model Selection for Machine Vision in Embedded Systems,,CCD and CMOS Imaging Sensors,adaptive model selection,,"Real-time machine vision applications running on resource-constrained embedded systems face challenges for maintaining performance. An especially challenging scenario arises when multiple applications execute at the same time, creating contention for the computational resources of the system. This contention results in increase in inference delay of the machine vision applications which can be unacceptable for time-critical tasks. To address this challenge,"
https://openalex.org/W3173929316,https://doi.org/10.1109/ipdpsw52791.2021.00074,2021,conference-paper,Time-Division Multiplexing for FPGA Considering CNN Model Switch Time,,Advanced Neural Network Applications,model switching,,"With the spread of real-time data analysis by artificial intelligence (Al), the use of accelerators in edge computing has been attracting attention due to their low power consumption and low latency. In this paper, we propose a system that further reduces the power consumption and cost by sharing an accelerator among multiple users while maintaining real-time performance. Four requirements are"
https://openalex.org/W3187925434,https://doi.org/10.1109/jiot.2021.3098019,2021,article,Toward Long-Term Effective and Robust Device-Free Indoor Localization via Channel State Information,IEEE Internet of Things Journal,Indoor and Outdoor Localization Technologies,adaptive DNN,,"With the rapid development of location-based IoT applications in recent years, indoor device-free passive localization based on Wi-Fi channel state information (CSI) has attracted considerable attention. In this article, we propose a long-term effective, robust, and accurate device-free passive fingerprinting localization scheme LTLoc, which only requires a single communication link. It takes the amplitudes extracted from the CSI along with"
https://openalex.org/W3191769047,https://doi.org/10.1145/3480172,2021,article,Adaptive Anomaly Detection for Internet of Things in Hierarchical Edge Computing: A Contextual-Bandit Approach,ACM Transactions on Internet of Things,Anomaly Detection Techniques and Applications,adaptive model selection,,"The advances in deep neural networks (DNN) have significantly enhanced real-time detection of anomalous data in IoT applications. However, the complexity-accuracy-delay dilemma persists: Complex DNN models offer higher accuracy, but typical IoT devices can barely afford the computation load, and the remedy of offloading the load to the cloud incurs long delay. In this article, we address this challenge by"
https://openalex.org/W3192474175,https://doi.org/10.1109/access.2021.3101306,2021,article,Architecture for Orchestrating Dynamic DNN-Powered Image Processing Tasks in Edge and Cloud Devices,IEEE Access,IoT and Edge/Fog Computing,dynamic DNN,,"DNN processing on image streams has opened the possibility for new and innovative applications. Some of those would benefit from performing the computation locally, avoiding incurring into latencies due to data travelling to image processing services in the cloud, and thus allowing for faster response times. New devices like the GPU-accelerated NVIDIA Jetson family, such as the Jetson Nano, are"
https://openalex.org/W3193886995,https://doi.org/10.1007/s12083-021-01223-1,2021,article,A DNN inference acceleration algorithm combining model partition and task allocation in heterogeneous edge computing system,Peer-to-Peer Networking and Applications,IoT and Edge/Fog Computing,adaptive DNN,,
https://openalex.org/W3198907060,https://doi.org/10.1109/icsess52187.2021.9522172,2021,conference-paper,An adaptive DNN Partition Algorithm Greedy Algorithm (ADPA),,IoT and Edge/Fog Computing,adaptive DNN,,"To solve the problem of DNN running too slowly on mobile terminals. The traditional approach is to use the edge server to cooperate with deep reasoning. However, this approach cannot be adapted to the partition according to the characteristics of each layer of the network and DNN, and can not achieve satisfactory reasoning acceleration effect. In this paper, an adaptive"
https://openalex.org/W3199427948,https://doi.org/10.13016/e1kn-sgys,2021,dissertation,Building Secure and Reliable Deep Learning Systems from a Systems Security Perspective,University Libraries (University of Maryland),Network Security and Intrusion Detection,adaptive DNN,,"As deep learning (DL) is becoming a key component in many business and safety-critical systems, such as self-driving cars or AI-assisted robotic surgery, adversaries have started placing them on their radar. To understand their potential threats, recent work studied the worst-case behaviors of deep neural networks (DNNs), such as mispredictions caused by adversarial examples or models altered by data poisoning"
https://openalex.org/W3200236657,https://doi.org/10.1145/3478073,2021,article,Context-aware Adaptive Surgery,Proceedings of the ACM on Interactive Mobile Wearable and Ubiquitous Technologies,IoT and Edge/Fog Computing,adaptive DNN,,"Deep Neural Networks (DNNs) have made massive progress in many fields and deploying DNNs on end devices has become an emerging trend to make intelligence closer to users. However, it is challenging to deploy large-scale and computation-intensive DNNs on resource-constrained end devices due to their small size and lightweight. To this end, model partition, which aims to partition DNNs into"
https://openalex.org/W3200878837,https://doi.org/10.1145/3476990,2021,article,Synergistically Exploiting CNN Pruning and HLS Versioning for Adaptive Inference on Multi-FPGAs at the Edge,ACM Transactions on Embedded Computing Systems,Advanced Neural Network Applications,adaptive inference,,"FPGAs, because of their energy efficiency, reconfigurability, and easily tunable HLS designs, have been used to accelerate an increasing number of machine learning, especially CNN-based, applications. As a representative example, IoT Edge applications, which require low latency processing of resource-hungry CNNs, offload the inferences from resource-limited IoT end nodes to Edge servers featuring FPGAs. However, the ever-increasing number of end"
https://openalex.org/W3201628041,https://doi.org/10.1145/3466752.3480082,2021,conference-paper,2-in-1 Accelerator: Enabling Random Precision Switch for Winning Both Adversarial Robustness and Efficiency,,Adversarial Robustness in Machine Learning,model switching,,"The recent breakthroughs of deep neural networks (DNNs) and the advent of billions of Internet of Things (IoT) devices have excited an explosive demand for intelligent IoT devices equipped with domain-specific DNN accelerators. However, the deployment of DNN accelerator enabled intelligent functionality into real-world IoT devices still remains particularly challenging. First, powerful DNNs often come at prohibitive complexities, whereas IoT"
https://openalex.org/W3203454415,https://doi.org/10.5772/intechopen.100246,2021,book-chapter,Mitigating State-Drift in Memristor Crossbar Arrays for Vector Matrix Multiplication,IntechOpen eBooks,Advanced Memory and Neural Computing,adaptive inference,,"In this Chapter, we review the recent progress on resistance drift mitigation techniques for resistive switching memory devices (specifically memristors) and its impact on the accuracy in deep neural network applications. In the first section of the chapter, we investigate the importance of soft errors and their detrimental impact on memristor-based vector–matrix multiplication (VMM) platforms performance specially the memristance state-drift"
https://openalex.org/W3204165788,https://doi.org/10.1109/icdcsw53096.2021.00010,2021,conference-paper,Dynamic DNN Decomposition for Lossless Synergistic Inference,,Advanced Neural Network Applications,dynamic DNN,,"Deep neural networks (DNNs) sustain high performance in today’s data processing applications. DNN inference is resource-intensive thus is difficult to fit into a mobile device. To solve this problem, recent advances unleash DNN services using the edge computing paradigm. The existing approaches split a DNN into two parts and deploy the two partitions to computation nodes at two edge computing"
https://openalex.org/W3204676010,https://doi.org/10.1109/tnsm.2021.3116665,2021,article,Joint Optimization With DNN Partitioning and Resource Allocation in Mobile Edge Computing,IEEE Transactions on Network and Service Management,IoT and Edge/Fog Computing,adaptive DNN,,"With the rapid development of computing power and artificial intelligence, IoT devices equipped with ubiquitous sensors are gradually installed with intelligence. People can enjoy many conveniences with intelligent devices, such as face recognition, video understanding, and motion estimation. Currently, deep neural networks are the mainstream technology in intelligent mobile applications. Inspired by DNN model partition schemes, the paradigm of edge"
https://openalex.org/W3207464805,https://doi.org/10.1016/j.comnet.2021.108513,2021,article,VCMaker: Content-aware configuration adaptation for video streaming and analysis in live augmented reality,Computer Networks,Image and Video Quality Assessment,configuration selection,,
https://openalex.org/W3211797015,https://doi.org/10.1115/1.4052996,2021,article,A Repeated Commuting Driving Cycle Dataset With Application to Short-Term Vehicle Velocity Forecasting,Journal of Autonomous Vehicles and Systems,Vehicle emissions and performance,dynamic model selection,,"Abstract Vehicle velocity forecasting plays a critical role in operation scheduling of varying systems and devices for a passenger vehicle. The forecasted information serves as an indispensable prerequisite for vehicle energy management via predictive control algorithms or vehicle ecosystem control Co-design. This paper first generates a repeated urban driving cycle dataset at a fixed route in the Dallas area, aiming"
https://openalex.org/W4200047623,https://doi.org/10.1109/iccad51958.2021.9643557,2021,conference-paper,A General Hardware and Software Co-Design Framework for Energy-Efficient Edge AI,,Advanced Neural Network Applications,adaptive inference,,"A huge number of edge applications including self-driving cars, mobile health, robotics, and augmented reality / virtual reality are enabled by deep neural networks (DNNs). Currently, much of this computation for these applications happens in the cloud, but there are several good reasons to perform the processing on local edge platforms such as smartphones: improved accessibility to different parts of"
https://openalex.org/W4200585203,https://doi.org/10.1109/mass52906.2021.00013,2021,conference-paper,Adaptive Deep Neural Network Ensemble for Inference-as-a-Service on Edge Computing Platforms,,IoT and Edge/Fog Computing,adaptive DNN,,"The momentous enabling of deep learning (DL)-powered mobile application is posing a soaring demand for computing resources that can hardly be satisfied by mobile devices. In this paper, we employ Edge Computing to deliver DL inference services to mobile users, where Deep Neural Networks (DNNs) are configured on edge servers, processing inference tasks received from mobile devices. A novel method"
https://openalex.org/W4287110835,https://doi.org/10.48550/arxiv.2106.15183,2021,preprint,Multi-Exit Vision Transformer for Dynamic Inference,arXiv (Cornell University),Advanced Neural Network Applications,dynamic inference,,"Deep neural networks can be converted to multi-exit architectures by inserting early exit branches after some of their intermediate layers. This allows their inference process to become dynamic, which is useful for time critical IoT applications with stringent latency requirements, but with time-variant communication and computation resources. In particular, in edge computing systems and IoT networks where the exact computation"
https://openalex.org/W3156189202,https://doi.org/10.1145/3510831,2022,article,DynO: Dynamic Onloading of Deep Neural Networks from Cloud to Device,ACM Transactions on Embedded Computing Systems,Advanced Neural Network Applications,adaptive inference,,"Recently, there has been an explosive growth of mobile and embedded applications using convolutional neural networks (CNNs). To alleviate their excessive computational demands, developers have traditionally resorted to cloud offloading, inducing high infrastructure costs and a strong dependence on networking conditions. On the other end, the emergence of powerful SoCs is gradually enabling on-device execution. Nonetheless, low- and mid-tier platforms"
https://openalex.org/W3160949036,https://doi.org/10.1016/j.neunet.2022.06.038,2022,article,Single-layer vision transformers for more accurate early exits with less overhead,Neural Networks,Video Surveillance and Tracking Methods,dynamic inference,,"Deploying deep learning models in time-critical applications with limited computational resources, for instance in edge computing systems and IoT networks, is a challenging task that often relies on dynamic inference methods such as early exiting. In this paper, we introduce a novel architecture for early exiting based on the vision transformer architecture, as well as a fine-tuning strategy that significantly"
https://openalex.org/W4210278476,https://doi.org/10.1145/3506732,2022,article,More Is Less: Model Augmentation for Intermittent Deep Inference,ACM Transactions on Embedded Computing Systems,Energy Harvesting in Wireless Networks,adaptive DNN,,"Energy harvesting creates an emerging intermittent computing paradigm but poses new challenges for sophisticated applications such as intermittent deep neural network (DNN) inference. Although model compression has adapted DNNs to resource-constrained devices, under intermittent power, compressed models will still experience multiple power failures during a single inference. Footprint-based approaches enable hardware-accelerated intermittent DNN inference by tracking footprints, independent of model"
https://openalex.org/W4210624117,https://doi.org/10.1007/978-3-030-95470-3_34,2022,conference-paper,An Integrated Approach to Produce Robust Deep Neural Network Models with High Efficiency,Lecture notes in computer science,Adversarial Robustness in Machine Learning,adaptive DNN,,
https://openalex.org/W4212838757,https://doi.org/10.1109/jiot.2022.3152359,2022,article,Cooperative Inference of DNNs for Delay- and Memory-Constrained Wireless IoT Systems,IEEE Internet of Things Journal,Indoor and Outdoor Localization Technologies,dynamic DNN,,"This work studies the cooperative inference of deep neural networks (DNNs), in which a memory-constrained end device performs a delay-constrained inference process with an aid of an edge server. Although several works considered the cooperative inference of DNNs in the literature, it was assumed in those works that the memory footprints at end devices are unlimited, which is in practice"
https://openalex.org/W4220918347,https://doi.org/10.1007/s00521-022-06910-5,2022,article,Iterative neural networks for adaptive inference on resource-constrained devices,Neural Computing and Applications,Advanced Neural Network Applications,adaptive inference,,
https://openalex.org/W4280651189,https://doi.org/10.23919/date54114.2022.9774727,2022,conference-paper,AdaFlow: A Framework for Adaptive Dataflow CNN Acceleration on FPGAs,,Advanced Neural Network Applications,model switching,,"To meet latency and privacy requirements, resource-hungry deep learning applications have been migrating to the Edge, where IoT devices can offload the inference processing to local Edge servers. Since FPGAs have successfully accelerated an increasing number of deep learning applications (especially CNN-based ones), they emerge as an effective alternative for Edge platforms. However, Edge applications may present highly unpredictable workloads,"
https://openalex.org/W4281994203,https://doi.org/10.48550/arxiv.2206.02525,2022,preprint,Dynamic DNNs Meet Runtime Resource Management on Mobile and Embedded Platforms,arXiv (Cornell University),Advanced Neural Network Applications,dynamic DNN,,"Deep neural network (DNN) inference is increasingly being executed on mobile and embedded platforms due to low latency and better privacy. However, efficient deployment on these platforms is challenging due to the intensive computation and memory access. We propose a holistic system design for DNN performance and energy optimisation, combining the trade-off opportunities in both algorithms and hardware. The system"
https://openalex.org/W4283066061,https://doi.org/10.48550/arxiv.2206.08152,2022,preprint,Fault-Tolerant Collaborative Inference through the Edge-PRUNE Framework,arXiv (Cornell University),Advanced Memory and Neural Computing,dynamic inference,,"Collaborative inference has received significant research interest in machine learning as a vehicle for distributing computation load, reducing latency, as well as addressing privacy preservation in communications. Recent collaborative inference frameworks have adopted dynamic inference methodologies such as early-exit and run-time partitioning of neural networks. However, as machine learning frameworks scale in the number of inference inputs, e.g., in surveillance"
https://openalex.org/W4283513614,https://doi.org/10.5281/zenodo.6737409,2022,article,Single-Layer Transformers for More Accurate Early Exits with Less Overhead,Zenodo (CERN European Organization for Nuclear Research),Semiconductor materials and devices,dynamic inference,,"Deploying deep learning models in time-critical applications with limited computational resources, for instance in edge computing systems and IoT networks, is a challenging task that often relies on dynamic inference methods such as early exiting. In this paper, we introduce a novel architecture for early exiting based on the vision transformer architecture, as well as a fine-tuning strategy that significantly"
https://openalex.org/W4283700415,https://doi.org/10.48550/arxiv.2206.12420,2022,preprint,SCAI: A Spectral data Classification framework with Adaptive Inference for the IoT platform,arXiv (Cornell University),Remote-Sensing Image Classification,adaptive inference,,"Currently, it is a hot research topic to realize accurate, efficient, and real-time identification of massive spectral data with the help of deep learning and IoT technology. Deep neural networks played a key role in spectral analysis. However, the inference of deeper models is performed in a static manner, and cannot be adjusted according to the device. Not all samples"
https://openalex.org/W4283811198,https://doi.org/10.1609/aaai.v36i2.20106,2022,conference-paper,ReX: An Efficient Approach to Reducing Memory Cost in Image Classification,Proceedings of the AAAI Conference on Artificial Intelligence,Advanced Neural Network Applications,dynamic inference,,"Exiting simple samples in adaptive multi-exit networks through early modules is an effective way to achieve high computational efficiency. One can observe that deployments of multi-exit architectures on resource-constrained devices are easily limited by high memory footprint of early modules. In this paper, we propose a novel approach named recurrent aggregation operator (ReX), which uses recurrent neural networks (RNNs) to"
https://openalex.org/W4284880636,https://doi.org/10.1109/cniot55862.2022.00021,2022,conference-paper,Novel Adaptive DNN Partitioning Method Based on Image-Stream Pipeline Inference between the Edge and Cloud,,Advanced Neural Network Applications,adaptive DNN,,"The cloud-only and edge-computing approaches have recently been proposed to satisfy the requirements of complex neural networks. However, the cloud-only approach generates a latency challenge because of the high data volumes that must be sent to a centralized location in the cloud. Less-powerful edge computing resources require a compression model for computation reduction, which degrades the model trading accuracy. To"
https://openalex.org/W4285197124,https://doi.org/10.1109/tmc.2022.3189186,2022,article,"EdgeAdaptor: Online Configuration Adaption, Model Selection and Resource Provisioning for Edge DNN Inference Serving at Scale",IEEE Transactions on Mobile Computing,IoT and Edge/Fog Computing,adaptive DNN|adaptive model selection,,"The accelerating convergence of artificial intelligence and edge computing has sparked a recent wave of interest in edge intelligence. While pilot efforts focused on edge DNN inference serving for a single user or DNN application, scaling edge DNN inference serving to multiple users and applications is however nontrivial. In this paper, we propose an online optimization framework EdgeAdaptor for multi-user"
https://openalex.org/W4285678623,https://doi.org/10.1016/j.sysarc.2022.102664,2022,article,Edge intelligence in motion: Mobility-aware dynamic DNN inference service migration with downtime in mobile edge computing,Journal of Systems Architecture,Age of Information Optimization,dynamic DNN,,
https://openalex.org/W4285815180,https://doi.org/10.1109/ipsn54338.2022.00030,2022,conference-paper,YONO: Modeling Multiple Heterogeneous Neural Networks on Microcontrollers,,Advanced Neural Network Applications,model switching,,"Internet of Things (IoT) systems provide large amounts of data on all aspects of human behavior. Machine learning techniques, especially deep neural networks (DNN), have shown promise in making sense of this data at a large scale. Also, the research community has worked to reduce the computational and resource demands of DNN to compute on low-resourced micro controllers (MCUs). However,"
https://openalex.org/W4288723596,https://doi.org/10.55056/ceur-ws.org/vol-3156/keynote5.pdf,2022,conference-paper,Post-Train Adaptive MobileNet for Fast Anti-Spoofing,,Biometric Identification and Security,adaptive inference,,"Many applications require high accuracy of neural networks, as well as low latency and user data privacy guaranty. Face anti-spoofing is one of such tasks. However, a single model might not give the best results for different device performance categories, while training multiple models is time consuming. In this work we present Post-Train Adaptive (PTA) block. Such a block is"
https://openalex.org/W4288843791,https://doi.org/10.1007/s11227-022-04728-5,2022,article,AdaInNet: an adaptive inference engine for distributed deep neural networks offloading in IoT-FOG applications based on reinforcement learning,The Journal of Supercomputing,IoT and Edge/Fog Computing,adaptive inference,,
https://openalex.org/W4291700252,https://doi.org/10.1109/ctisc54888.2022.9849779,2022,conference-paper,Re-thinking Pitfalls of Premodel Building for Adaptive CNNs Model Selection on ImageNet,"2022 4th International Conference on Advances in Computer Technology, Information Science and Communications (CTISC)",Advanced Neural Network Applications,adaptive model selection,,"Although recent approaches to combine machine learning (ML) enhanced models and adaptive model selections using the built models became popular in many areas, however, there could be crucial pitfalls of built models in terms of 1) feature extraction and importance, 2) unbalanced datasets and 3) different types of ML estimators. In this case study using the ImageNet dataset, we thoroughly"
https://openalex.org/W4292722085,https://doi.org/10.1145/3542819,2022,article,Human Activity Recognition on Microcontrollers with Quantized and Adaptive Deep Neural Networks,ACM Transactions on Embedded Computing Systems,Context-Aware Activity Recognition Systems,adaptive inference,,"Human Activity Recognition (HAR) based on inertial data is an increasingly diffused task on embedded devices, from smartphones to ultra low-power sensors. Due to the high computational complexity of deep learning models, most embedded HAR systems are based on simple and not-so-accurate classic machine learning algorithms. This work bridges the gap between on-device HAR and deep learning, proposing a set"
https://openalex.org/W4292829059,https://doi.org/10.1109/cvprw56347.2022.00295,2022,conference-paper,DA<sup>3</sup>: Dynamic Additive Attention Adaption for Memory-Efficient On-Device Multi-Domain Learning,2022 IEEE/CVF Conference on Computer Vision and Pattern Recognition Workshops (CVPRW),Domain Adaptation and Few-Shot Learning,adaptive DNN,,"Nowadays, one practical limitation of deep neural network (DNN) is its high degree of specialization to a single task or domain (e.g., one visual domain). It motivates re-searchers to develop algorithms that can adapt DNN model to multiple domains sequentially, while still performing well on the past domains, which is known as multi-domain learning. Almost all conventional methods only focus"
https://openalex.org/W4296068602,https://doi.org/10.21437/interspeech.2022-17,2022,conference-paper,Binary Early-Exit Network for Adaptive Inference on Low-Resource Devices,Interspeech 2022,Age of Information Optimization,adaptive inference,,"Deep neural networks have significantly improved performance on a range of tasks with the increasing demand for computational resources, leaving deployment on low-resource devices (with limited memory and battery power) infeasible.Binary neural networks (BNNs) tackle the issue to an extent with extreme compression and speed-up gains compared to real-valued models.We propose a simple but effective method to accelerate inference through"
https://openalex.org/W4297950276,https://doi.org/10.48550/arxiv.2209.13443,2022,preprint,Fluid Batching: Exit-Aware Preemptive Serving of Early-Exit Neural Networks on Edge NPUs,arXiv (Cornell University),Age of Information Optimization,dynamic DNN,,"With deep neural networks (DNNs) emerging as the backbone in a multitude of computer vision tasks, their adoption in real-world applications broadens continuously. Given the abundance and omnipresence of smart devices in the consumer landscape, ""smart ecosystems'' are being formed where sensing happens concurrently rather than standalone. This is shifting the on-device inference paradigm towards deploying centralised neural processing units"
https://openalex.org/W4299346278,https://doi.org/10.1007/978-3-030-98064-1_12,2022,book-chapter,Collaborative Deep Neural Network Inference via Mobile Edge Computing,Wireless networks,IoT and Edge/Fog Computing,adaptive inference,,
https://openalex.org/W4306179731,https://doi.org/10.1145/3495243.3560528,2022,conference-paper,NeuLens,Proceedings of the 28th Annual International Conference on Mobile Computing And Networking,Advanced Neural Network Applications,dynamic inference,,"Convolutional neural networks (CNNs) play an important role in today's mobile and edge computing systems for vision-based tasks like object classification and detection. However, state-of-the-art methods on CNN acceleration are trapped in either limited practical latency speed-up on general computing platforms or latency speed-up with severe accuracy loss. In this paper, we propose a spatial-based dynamic CNN acceleration framework, NeuLens,"
https://openalex.org/W4308360138,https://doi.org/10.1016/j.future.2022.10.033,2022,article,An adaptive DNN inference acceleration framework with end–edge–cloud collaborative computing,Future Generation Computer Systems,Advanced Memory and Neural Computing,adaptive DNN,,
https://openalex.org/W4310398573,https://doi.org/10.48550/arxiv.2211.13778,2022,preprint,Design and Prototyping Distributed CNN Inference Acceleration in Edge Computing,arXiv (Cornell University),Energy Efficient Wireless Sensor Networks,dynamic model selection,,"For time-critical IoT applications using deep learning, inference acceleration through distributed computing is a promising approach to meet a stringent deadline. In this paper, we implement a working prototype of a new distributed inference acceleration method HALP using three raspberry Pi 4. HALP accelerates inference by designing a seamless collaboration among edge devices (EDs) in Edge Computing. We maximize the"
https://openalex.org/W4311224386,https://doi.org/10.1109/igsc55832.2022.9969374,2022,conference-paper,MOSP: Multi-Objective Sensitivity Pruning of Deep Neural Networks,,Advanced Neural Network Applications,configuration selection,,"Deep neural networks (DNNs) are computationally intensive, making them difficult to deploy on resource-constrained embedded systems. Model compression is a set of techniques that removes redundancies from a neural network with affordable degradation in task performance. Most compression methods do not target hardware-based objectives such as latency directly; however, few methods approximate latency with floating-point operations (FLOPs) or multiply-accumulate operations"
https://openalex.org/W4312456926,https://doi.org/10.1109/tii.2022.3224969,2022,article,A Lightweight and Adaptive Knowledge Distillation Framework for Remaining Useful Life Prediction,IEEE Transactions on Industrial Informatics,Machine Fault Diagnosis Techniques,adaptive inference,,"For prognostics and health management of industrial systems, machine remaining useful life (RUL) prediction is an essential task. While deep learning-based methods have achieved great successes in RUL prediction tasks, large-scale neural networks are still difficult to deploy on edge devices owing to the constraints of memory capacity and computing power. In this article, we propose a lightweight and adaptive"
https://openalex.org/W4313000323,https://doi.org/10.1109/tcsi.2022.3228725,2022,article,ANSA: Adaptive Near-Sensor Architecture for Dynamic DNN Processing in Compact Form Factors,IEEE Transactions on Circuits and Systems I Regular Papers,Advanced Memory and Neural Computing,dynamic DNN,,"Advanced edge sensing/computing devices, such as AR/VR devices, have a uniquely challenging adaptive baseline workload and camera sensor structure. These devices must process images in real-time from multiple sensors, placing a large burden on a typical centralized mobile SoC processor. Augmenting the sensors with a package-integrated near-sensor processor can improve the device’s processing performance as well as reduce energy consumption."
https://openalex.org/W4313162985,https://doi.org/10.1109/tmc.2022.3218724,2022,article,Hastening Stream Offloading of Inference via Multi-Exit DNNs in Mobile Edge Computing,IEEE Transactions on Mobile Computing,IoT and Edge/Fog Computing,adaptive inference,,"As the primary driver of intelligent mobile applications, deep neural networks (DNNs) have gradually deployed to millions of mobile devices, producing massive latency-sensitive and computation-intensive tasks daily. Mobile edge computing facilitates the deployment of computing resources at the edge, which enables fine-grained offloading of DNN inference tasks from mobile devices to edge nodes. However, most existing studies have not systematically"
https://openalex.org/W4315630143,https://doi.org/10.1109/globecom48099.2022.10001235,2022,conference-paper,Dynamic Deep Neural Network Adversarial Attacks for Edge-based IoT Devices,GLOBECOM 2022 - 2022 IEEE Global Communications Conference,Adversarial Robustness in Machine Learning,dynamic DNN,,"Edge-based IoT devices have experienced phenomenal growth in recent years due to rapidly increasing demand in various emerging applications which typically utilize machine learning (ML) models such as Deep Neural Network (DNN) and demand low latency and low power consumption. To support the edge requirements, ML models have to support faster inference and less computation. Dynamic DNNs (D2NN) have been"
https://openalex.org/W4315630441,https://doi.org/10.1109/globecom48099.2022.10001005,2022,conference-paper,Digital Twin-Assisted Adaptive DNN Inference in Industrial Internet of Things,GLOBECOM 2022 - 2022 IEEE Global Communications Conference,IoT and Edge/Fog Computing,adaptive DNN,,"In this paper, we investigate digital twin (DT)-assisted adaptive deep neural network (DNN) inference in the Industrial Internet of Things (IIoT). We consider a scenario that an edge server has a full-size DNN for high-accuracy inference, while an IIoT device has a lightweight DNN for fast on-device inference. The IIoT device generates computing tasks, such as object recognition, to be"
https://openalex.org/W4318829126,https://doi.org/10.2139/ssrn.4274178,2022,preprint,Adaptive Mixed-Precision Networks,SSRN Electronic Journal,Inertial Sensor and Navigation,configuration selection,,
https://openalex.org/W4319952106,https://doi.org/10.17760/d20467286,2022,dissertation,Towards robust and secure deep learning models and beyond,,Adversarial Robustness in Machine Learning,model switching,,"Modern science and technology witness the breakthroughs of deep learning during the past decades. Fueled by the rapid improvements of computational resources, learning algorithms, and massive amount of data, deep neural networks (DNNs) have played a dominant role in more and more real world applications. Nonetheless, there is a spring of bitterness mingling with this remarkable success - recent studies"
https://openalex.org/W7203517558,,2022,dissertation,Algorithm-Hardware Co-Design Towards Efficient and Robust Edge Vision Applications,Rice Digital Scholarship Archive (Rice University),Adversarial Robustness in Machine Learning,model switching,,"The recent breakthroughs of deep neural networks (DNNs) and the advent of billions of Internet of Things (IoT) devices have excited an explosive demand for intelligent IoT devices equipped with domain-specific DNN accelerators. However, the deployment of DNN accelerator enabled intelligent functionality into real-world IoT devices still remains particularly challenging. First, powerful DNNs often come at prohibitive complexities, whereas IoT"
https://openalex.org/W4320496039,https://doi.org/10.3390/s23042065,2023,article,Reducing the Energy Consumption of sEMG-Based Gesture Recognition at the Edge Using Transformers and Dynamic Inference,Sensors,Muscle activation and electromyography studies,dynamic inference,,"Hand gesture recognition applications based on surface electromiographic (sEMG) signals can benefit from on-device execution to achieve faster and more predictable response times and higher energy efficiency. However, deploying state-of-the-art deep learning (DL) models for this task on memory-constrained and battery-operated edge devices, such as wearables, requires a careful optimization process, both at design time, with an appropriate tuning of"
https://openalex.org/W4328030459,https://doi.org/10.1109/tcc.2023.3258982,2023,article,DNN Surgery: Accelerating DNN Inference on the Edge Through Layer Partitioning,IEEE Transactions on Cloud Computing,Advanced Neural Network Applications,adaptive DNN,,"Recent advances in deep neural networks have substantially improved the accuracy and speed of various intelligent applications. Nevertheless, one obstacle is that DNN inference imposes a heavy computation burden on end devices, but offloading inference tasks to the cloud causes a large volume of data transmission. Motivated by the fact that the data size of some intermediate DNN layers is"
https://openalex.org/W4328053581,https://doi.org/10.1016/j.adhoc.2023.103156,2023,article,Joint multi-user DNN partitioning and task offloading in mobile edge computing,Ad Hoc Networks,IoT and Edge/Fog Computing,adaptive DNN,,
https://openalex.org/W4366833205,https://doi.org/10.3390/mi14050908,2023,article,Dynamic Image Difficulty-Aware DNN Pruning,Micromachines,Advanced Neural Network Applications,dynamic DNN,,"Deep Neural Networks (DNNs) have achieved impressive performance in various image recognition tasks, but their large model sizes make them challenging to deploy on resource-constrained devices. In this paper, we propose a dynamic DNN pruning approach that takes into account the difficulty of the incoming images during inference. To evaluate the effectiveness of our method, we conducted experiments on the"
https://openalex.org/W4366967707,https://doi.org/10.1109/lcomm.2023.3269769,2023,article,Wireless Channel Adaptive DNN Split Inference for Resource-Constrained Edge Devices,IEEE Communications Letters,Advanced Memory and Neural Computing,adaptive DNN,,"Split inference facilitates deep neural network (DNN) inference tasks at resource-constrained edge devices. However, a pre-determined split configuration of a DNN limits the inference performance in time-varying wireless channels. To accelerate the inference, we propose a two-stage wireless channel adaptive split inference method by considering memory and energy constraints on the edge device. The proposed scheme is able to offer"
https://openalex.org/W4367318869,https://doi.org/10.1145/3543873.3587370,2023,conference-paper,Hierarchical Deep Neural Network Inference for Device-Edge-Cloud Systems,,IoT and Edge/Fog Computing,adaptive DNN,,"Edge computing and cloud computing have been utilized in many AI applications in various fields, such as computer vision, NLP, autonomous driving, and smart cities. To benefit from the advantages of both paradigms, we introduce HiDEC, a hierarchical deep neural network (DNN) inference framework with three novel features. First, HiDEC enables the training of a resource-adaptive DNN through the injection"
https://openalex.org/W4377001532,https://doi.org/10.1109/tcad.2023.3276938,2023,article,EdgeCompress: Coupling Multidimensional Model Compression and Dynamic Inference for EdgeAI,IEEE Transactions on Computer-Aided Design of Integrated Circuits and Systems,Advanced Neural Network Applications,dynamic inference,,"Convolutional neural networks (CNNs) have demonstrated encouraging results in image classification tasks. However, the prohibitive computational cost of CNNs hinders the deployment of CNNs onto resource-constrained embedded devices. To address this issue, we propose EdgeCompress, a comprehensive compression framework to reduce the computational overhead of CNNs. In EdgeCompress, we first introduce dynamic image cropping (DIC), where we design a lightweight"
https://openalex.org/W4378745160,https://doi.org/10.3389/fphys.2023.1171467,2023,article,DynamicSleepNet: a multi-exit neural network with adaptive inference time for sleep stage classification,Frontiers in Physiology,EEG and Brain-Computer Interfaces,adaptive inference,,"Sleep is an essential human physiological behavior, and the quality of sleep directly affects a person's physical and mental state. In clinical medicine, sleep stage is an important basis for doctors to diagnose and treat sleep disorders. The traditional method of classifying sleep stages requires sleep experts to classify them manually, and the whole process is time-consuming and laborious. In"
https://openalex.org/W4380925616,https://doi.org/10.1145/3581791.3596852,2023,conference-paper,ElasticTrainer: Speeding Up On-Device Training with Runtime Elastic Tensor Selection,,Advanced Neural Network Applications,runtime adaptation,,"On-device training is essential for neural networks (NNs) to continuously adapt to new online data, but can be time-consuming due to the device's limited computing power. To speed up on-device training, existing schemes select trainable NN portion offline or conduct unrecoverable selection at runtime, but the evolution of trainable NN portion is constrained and cannot adapt to the current need"
https://openalex.org/W4381714077,https://doi.org/10.48550/arxiv.2306.12185,2023,preprint,Adaptive DNN Surgery for Selfish Inference Acceleration with On-demand Edge Resource,arXiv (Cornell University),Age of Information Optimization,adaptive DNN,,"Deep Neural Networks (DNNs) have significantly improved the accuracy of intelligent applications on mobile devices. DNN surgery, which partitions DNN processing between mobile devices and multi-access edge computing (MEC) servers, can enable real-time inference despite the computational limitations of mobile devices. However, DNN surgery faces a critical challenge: determining the optimal computing resource demand from the server and the corresponding"
https://openalex.org/W4382935963,https://doi.org/10.23919/acc55779.2023.10156650,2023,conference-paper,Towards Personalized Plasma Medicine via Data-Efficient Adaptation of Fast Deep Learning-based MPC Policies,,Plasma and Flow Control in Aerodynamics,adaptive DNN,,"Plasma medicine has emerged as a promising approach for treatment of biofilm-related and virus infections, assistance in cancer treatment, and treatment of wounds and skin diseases. Despite advances in learning-based and predictive control of plasma medical devices, there remain major challenges towards personalized and point-of-care plasma medicine. In particular, an important challenge arises from the need to adapt control policies"
https://openalex.org/W4383315782,https://doi.org/10.1016/j.sysarc.2023.102931,2023,article,MBSNN: A multi-branch scalable neural network for resource-constrained IoT devices,Journal of Systems Architecture,Advanced Neural Network Applications,adaptive inference,,
https://openalex.org/W4385211892,https://doi.org/10.23919/vlsitechnologyandcir57934.2023.10185293,2023,conference-paper,Pianissimo: A Sub-mW Class DNN Accelerator with Progressive Bit-by-Bit Datapath Architecture for Adaptive Inference at Edge,,Machine Learning and ELM,adaptive inference,,"Pianissimo is a sub-mW class inference accelerator that adaptively responds to the changing edge environmental conditions with a progressive bit-by-bit datapath architecture. SWHW cooperative control with the custom RISC and the HW counters allows Pianissimo adaptive/mixed precision and block skip, providing a better accuracy-computation tradeoff for low-power edge AI. The 40 nm chip, with 1104 KB memory, dissipates 793-1032$\mu$W at"
https://openalex.org/W4385270478,https://doi.org/10.1109/icde55515.2023.00096,2023,conference-paper,EdgeNN: Efficient Neural Network Inference for CPU-GPU Integrated Edge Devices,,Advanced Neural Network Applications,adaptive inference,,"With the development of the architectures and the growth of AIoT application requirements, data processing on edge has become popular. Neural network inference is widely employed for data analytics on edge devices. This paper extensively explores neural network inference on integrated edge devices and proposes EdgeNN, the first neural network inference solution on CPU-GPU integrated edge devices. EdgeNN has three"
https://openalex.org/W4385774530,https://doi.org/10.48550/arxiv.2308.05128,2023,preprint,High-Level Parallelism and Nested Features for Dynamic Inference Cost and Top-Down Attention,arXiv (Cornell University),Functional Brain Connectivity Studies,dynamic inference,,"This paper introduces a novel network topology that seamlessly integrates dynamic inference cost with a top-down attention mechanism, addressing two significant gaps in traditional deep learning models. Drawing inspiration from human perception, we combine sequential processing of generic low-level features with parallelism and nesting of high-level features. This design not only reflects a finding from recent neuroscience research regarding -"
https://openalex.org/W4386707601,https://doi.org/10.1145/3605573.3605598,2023,conference-paper,Dystri: A Dynamic Inference based Distributed DNN Service Framework on Edge,,Opportunistic and Delay-Tolerant Networks,dynamic inference,,"Deep neural network (DNN) inference poses unique challenges in serving computational requests due to high request intensity, concurrent multi-user scenarios, and diverse heterogeneous service types. Simultaneously, mobile and edge devices provide users with enhanced computational capabilities, enabling them to utilize local resources for deep inference processing. Moreover, dynamic inference techniques allow content-based computational cost selection per request. This paper presents"
https://openalex.org/W4386765240,https://doi.org/10.1109/dac56929.2023.10247701,2023,conference-paper,EENet: Energy Efficient Neural Networks with Run-time Power Management,,Advanced Neural Network Applications,dynamic inference,,"Deep learning approaches, such as convolution neural networks (CNNs), have achieved tremendous success in versatile applications. However, one of the challenges to deploy the deep learning models on resource-constrained systems is its huge energy cost. As a dynamic inference approach, early exit adds exiting layers to the networks, which can terminate the inference earlier with accurate results to save energy."
https://openalex.org/W4386859276,https://doi.org/10.1109/islped58423.2023.10244276,2023,conference-paper,Energy-Harvesting-Aware Adaptive Inference of Deep Neural Networks in Embedded Systems,,Energy Harvesting in Wireless Networks,adaptive inference,,"In energy harvesting IoT and sensor devices, energy influx is continuously changing and difficult to predict. Recently, the use of deep neural networks (DNNs), which consumes a large amount of energy, has increased in such devices. If a lightweight DNN model is used anticipating low energy influx, it may not achieve satisfactory inference accuracy in the ample energy flow condition."
https://openalex.org/W4386880906,https://doi.org/10.5463/thesis.308,2023,dissertation,Latency-Critical Inference Serving for Deep Learning,,Neural Networks and Applications,dynamic DNN,,"Deep learning (DL) technology has made remarkable strides in terms of accuracy through the advancement of sophisticated and large deep neural networks (DNNs). Yet, its adoption in real-world applications is still challenging. DL-based applications, in particular video analytics, impose stringent low-latency and high-accuracy requirements on the DNN inference serving system that manages the deployment of DNNs and their inference. These"
https://openalex.org/W4386952192,https://doi.org/10.1109/jstsp.2023.3312914,2023,article,DeepAdaIn-Net: Deep Adaptive Device-Edge Collaborative Inference for Augmented Reality,IEEE Journal of Selected Topics in Signal Processing,Advanced Neural Network Applications,adaptive inference,,"The object inference for augmented reality (AR) requires a precise object localization within user's physical environment and the adaptability to dynamic communication conditions. Deep learning (DL) is advantageous in capturing highly-nonlinear features of diverse data sources drawn from complex objects. However, the existing DL techniques may have disfluency or instability issues when deployed on resource-constrained devices with poor communication conditions,"
https://openalex.org/W4386952618,https://doi.org/10.1109/socc58585.2023.10257061,2023,conference-paper,EvoSh: Evolutionary Search with Shaving to Enable Power-Latency Tradeoff in Deep Learning Computing on Embedded Systems,,Evolutionary Algorithms and Applications,configuration selection,,"Deploying deep-learning applications on resource-constrained embedded systems requires exploration of large design spaces for mapping (to heterogeneous processing units) and hardware configuration selection (voltage/frequency levels) to balance power consumption and latency. Herein, we propose a search algorithm called Evolution with shaving to find optimized configurations in these search spaces. We evaluate our approach using 3 state-of-the-art image classification DNNs on"
https://openalex.org/W4386987491,https://doi.org/10.1016/j.future.2023.09.025,2023,article,DNNShifter: An efficient DNN pruning system for edge computing,Future Generation Computer Systems,Advanced Neural Network Applications,model switching,,"Deep neural networks (DNNs) underpin many machine learning applications. Production quality DNN models achieve high inference accuracy by training millions of DNN parameters which has a significant resource footprint. This presents a challenge for resources operating at the extreme edge of the network, such as mobile and embedded devices that have limited computational and memory resources. To address this, models"
https://openalex.org/W4386990897,https://doi.org/10.1016/j.fusengdes.2023.114008,2023,article,Enhancing deep reinforcement learning with integral action to control tokamak safety factor,Fusion Engineering and Design,Magnetic confinement fusion research,dynamic DNN,,
https://openalex.org/W4387350746,https://doi.org/10.1109/tvlsi.2023.3300910,2023,article,<i>PeakEngine</i>: A Deterministic On-the-Fly Pruning Neural Network Accelerator for Hearing Instruments,IEEE Transactions on Very Large Scale Integration (VLSI) Systems,Speech and Audio Processing,adaptive inference,,"Recurrent neural networks (RNNs) are well-suited for sequential tasks such as speech enhancement (SE). However, their performance comes with high-computational complexity and latency. This impedes their deployment to battery-powered and resource-constrained hearing instruments (HIs) that need to operate for 16–18 h daily at only a few milliwatts (mW). In this article, we introduce PeakEngine, a configurable ASIC accelerator that decreases"
https://openalex.org/W4387968598,https://doi.org/10.1145/3630266,2023,article,PArtNNer: Platform-Agnostic Adaptive Edge-Cloud DNN Partitioning for Minimizing End-to-End Latency,ACM Transactions on Embedded Computing Systems,Advanced Neural Network Applications,adaptive DNN,,"The last decade has seen the emergence of Deep Neural Networks (DNNs) as the de facto algorithm for various computer vision applications. In intelligent edge devices, sensor data streams acquired by the device are processed by a DNN application running on either the edge device itself or in the cloud. However, “edge-only” and “cloud-only” execution of State-of-the-Art DNNs may not"
https://openalex.org/W4388040616,https://doi.org/10.1109/pimrc56721.2023.10293996,2023,conference-paper,Accelerating Deep Neural Network Tasks Through Edge-Device Adaptive Inference,,Age of Information Optimization,adaptive DNN|adaptive inference,,"As the key technology of artificial intelligence(AI), Deep Neural Networks (DNNs) have been widely used in mobile applications, such as video analytics in autonomous driving. However, due to the constrained computation capabilities on mobile devices (MDs), it is challenging to meet the critical accuracy and real-time demand of DNN tasks, which would result in a serious drop in quality of"
https://openalex.org/W4388105123,https://doi.org/10.1145/3630098,2023,article,AdaMEC: Towards a Context-adaptive and Dynamically Combinable DNN Deployment Framework for Mobile Edge Computing,ACM Transactions on Sensor Networks,IoT and Edge/Fog Computing,adaptive DNN,,"With the rapid development of deep learning, recent research on intelligent and interactive mobile applications (e.g., health monitoring, speech recognition) has attracted extensive attention. And these applications necessitate the mobile edge computing scheme, i.e., offloading partial computation from mobile devices to edge devices for inference acceleration and transmission load reduction. The current practices have relied on collaborative DNN partition and"
https://openalex.org/W4388214770,https://doi.org/10.1109/fpl60245.2023.00064,2023,conference-paper,Bayesian Optimization for Efficient Heterogeneous MPSoC Based DNN Accelerator Runtime Tuning,,Advanced Neural Network Applications,dynamic DNN,,"With the explosive growth of Internet of Things (IoT) devices and applications, deploying Deep Neural Networks (DNNs) on resource-constrained embedded edge devices has become a popular research trend. Because such systems have limited resources, they need to rely on optimising resource utilisation to meet performance requirements. However, for scenarios where the DNN application and workloads are dynamically changing, the offline"
https://openalex.org/W4389082012,https://doi.org/10.1063/5.0168089,2023,article,Using the IBM analog in-memory hardware acceleration kit for neural network training and inference,APL Machine Learning,Advanced Memory and Neural Computing,adaptive DNN,,"Analog In-Memory Computing (AIMC) is a promising approach to reduce the latency and energy consumption of Deep Neural Network (DNN) inference and training. However, the noisy and non-linear device characteristics and the non-ideal peripheral circuitry in AIMC chips require adapting DNNs to be deployed on such hardware to achieve equivalent accuracy to digital computing. In this Tutorial, we provide a"
https://openalex.org/W4390241211,https://doi.org/10.1109/access.2023.3347578,2023,article,Pianissimo: A Sub-mW Class DNN Accelerator With Progressively Adjustable Bit-Precision,IEEE Access,Advanced Neural Network Applications,adaptive inference,,"With the widespread adoption of edge AI, the diversity of application requirements and fluctuating computational demands present significant challenges. Conventional accelerators suffer from increased memory footprints due to the need for multiple models to adapt to these varied requirements over time. In such dynamic edge conditions, it is crucial to accommodate these changing computational needs within strict memory and power"
https://openalex.org/W4390585142,https://doi.org/10.32657/10356/172595,2023,dissertation,Adaptive neural networks for edge intelligence,,Neural Networks and Applications,adaptive DNN|dynamic inference,,"Deep neural networks (DNNs) have achieved remarkable results and have become the mainstay of many applications including autonomous driving and emerging AI-enabled chatbots. However, the superior performance of advanced DNN models comes at the cost of enormous computation and memory footprint. For instance, ChatGPT enabled by the GPT-3.5 model breaks the records of multiple benchmarks with 175 Billion parameters, which"
https://openalex.org/W4391181911,https://doi.org/10.4018/979-8-3693-0230-9.ch006,2023,book-chapter,DeepSlicing,Advances in computational intelligence and robotics book series,Advanced Neural Network Applications,adaptive inference,,"Convolutional neural networks (CNNs) have revolutionized computer vision applications with recent advancements. Extensive research focuses on optimizing CNNs for efficient deployment on resource-limited devices. However, the previous studies had several weaknesses, including limited support for diverse CNN structures, fixed scheduling strategies, overlapped computations, and high synchronization overheads. In this chapter, the authors introduce DeepSlicing, an adaptive inference system that addresses"
https://openalex.org/W4391468567,https://doi.org/10.1109/wcsp58612.2023.10405273,2023,conference-paper,Dynamic DNN Model Switching for Collaborative Edge Intelligence in UAV Swarm,,UAV Applications and Optimization,dynamic DNN|model switching,,"Deploying machine learning (ML) algorithms on Unmanned Aerial Vehicle (UAV) swarm to perform real-time tasks such as object detection is currently a hot research topic. However, as the parameter size of deep neural network (DNN) models continues to grow rapidly, deploying complex DNN models on resource-constrained UAV swarm poses significant challenges. In this paper, we first study how to dynamically"
https://openalex.org/W4392944897,https://doi.org/10.1109/ictbig59752.2023.10455984,2023,conference-paper,A Dynamic Deep Learning Ecosystem for Real-Time Cognitive Data Processing on Industrial Edge Devices,,Neural Networks and Applications,adaptive inference,,"The capacity to manage cognitive data in real time is crucial in the rapidly increasing field of industrial edge computing. This criterion must be fully completed to proceed. Our research resulted in the creation of a new platform dubbed the Dynamic Deep Learning Ecosystem, or DDLE, which strives to achieve these goals. The Deep Learning Edge (DDLE) is a strong"
https://openalex.org/W4393186403,https://doi.org/10.1109/icpads60453.2023.00150,2023,conference-paper,HSMS-ADP: Adaptive DNNs Partitioning for End-Edge Collaborative Inference in High-Speed Mobile Scenarios,,Context-Aware Activity Recognition Systems,adaptive DNN,,"As deep neural networks (DNNs) gain prominence in edge applications, deploying DNN models on end devices with limited computing power is becoming a pressing challenge. Current strategies, including early exit and partitioning offloading to the cloud or edge servers, still face limitations in terms of accurately DNN partitioning. Especially in high-speed mobile scenarios, bandwidth fluctuations occur frequently, necessitating the frequent"
https://openalex.org/W4395685061,https://doi.org/10.1145/3625687.3625793,2023,conference-paper,EdgeFM: Leveraging Foundation Model for Open-set Learning on the Edge,,Music and Audio Processing,model switching,,"Deep Learning (DL) models have been widely deployed on IoT devices with the help of advancements in DL algorithms and chips. However, the limited resources of edge devices make these on-device DL models hard to be generalizable to diverse environments and tasks. Although the recently emerged foundation models (FMs) show impressive generalization power, how to effectively leverage the rich knowledge"
https://openalex.org/W4412231497,,2023,dissertation,Edge AI for Time-critical Internet-of-things,,IoT and Edge/Fog Computing,dynamic inference,,"The Internet-of-things (IoT) is increasingly being used in a wide range of fields, including smart cities, and autonomous driving, and so on. Despite the numerous benefits, IoT still faces significant challenges in terms of communication, storage and computational resources. These challenges become even more critical when dealing with time-critical artificial intelligence(AI)-based IoT applications that require high service reliability and accuracy.<br/><br/>The"
https://openalex.org/W4391013239,https://doi.org/10.48550/arxiv.2401.08965,2024,preprint,Dynamic DNNs and Runtime Management for Efficient Inference on Mobile/Embedded Devices,arXiv (Cornell University),Advanced Neural Network Applications,dynamic DNN,,"Deep neural network (DNN) inference is increasingly being executed on mobile and embedded platforms due to several key advantages in latency, privacy and always-on availability. However, due to limited computing resources, efficient DNN deployment on mobile and embedded platforms is challenging. Although many hardware accelerators and static model compression methods were proposed by previous works, at system runtime, multiple applications"
https://openalex.org/W4392646481,https://doi.org/10.1016/j.asoc.2024.111421,2024,article,Vision Transformer-based overlay processor for Edge Computing,Applied Soft Computing,CCD and CMOS Imaging Sensors,model switching,,
https://openalex.org/W4392885553,https://doi.org/10.1145/3652516,2024,article,AMSPM: Adaptive Model Selection and Partition Mechanism for Edge Intelligence-driven 5G Smart City with Dynamic Computing Resources,ACM Transactions on Sensor Networks,IoT and Edge/Fog Computing,adaptive model selection,,"With the help of 5G network, edge intelligence (EI) can not only provide distributed, low-latency, and high-reliable intelligent services, but also enable intelligent maintenance and management of smart city. However, the constantly changing available computing resources of end devices and edge servers cannot continuously guarantee the performance of intelligent inference. In order to guarantee the sustainability of intelligent services in"
https://openalex.org/W4392910469,https://doi.org/10.1109/ccnc51664.2024.10454650,2024,conference-paper,SwitchingNet: Edge-Assisted Model Switching for Accurate Video Recognition Over Best-Effort Networks,,Video Surveillance and Tracking Methods,model switching,,"Despite the remarkable success of deep-learning in image and video recognition, constructing real-time recognition systems for computationally intensive tasks such as spatio-temporal human action localization is still challenging. As computational complexity of these tasks can easily exceed the capacity of edge devices, inference must be performed in remote (cloud) environments. But then, recognition accuracy is subject to fluctuating networking conditions"
https://openalex.org/W4393140900,https://doi.org/10.1109/asp-dac58780.2024.10473823,2024,conference-paper,PAAP-HD: PIM-Assisted Approximation for Efficient Hyper-Dimensional Computing,,Electric Motor Design and Analysis,model switching,,"Hyper-Dimensional Computing (HDC) is a brain-inspired learning framework that is particularly suited to resource-limited edge devices. HDC operates in a high-parallel manner, encoding raw data into hyper-dimensional space, thus enabling efficient training and inference. However, the high dimensionality of data representation in HDC demands a substantial multiplication cost for calculating cosine similarity in high-precision HDC processes. While binarization of HDC"
https://openalex.org/W4393156728,https://doi.org/10.1609/aaai.v38i11.29107,2024,conference-paper,Layer Compression of Deep Networks with Straight Flows,Proceedings of the AAAI Conference on Artificial Intelligence,Network Security and Intrusion Detection,dynamic inference,,"Very deep neural networks lead to significantly better performance on various real tasks. However, it usually causes slow inference and is hard to be deployed on real-world devices. How to reduce the number of layers to save memory and to accelerate the inference is an eye-catching topic. In this work, we introduce an intermediate objective, a continuous-time network, before distilling"
https://openalex.org/W4394904485,https://doi.org/10.1038/s41598-024-58947-2,2024,article,Enhanced read resolution in reconfigurable memristive synapses for Spiking Neural Networks,Scientific Reports,Advanced Memory and Neural Computing,run-time adaptation,,"Abstract The synapse is a key element circuit in any memristor-based neuromorphic computing system. A memristor is a two-terminal analog memory device. Memristive synapses suffer from various challenges including high voltage, SET or RESET failure, and READ margin issues that can degrade the distinguishability of stored weights. Enhancing READ resolution is very important to improving the reliability of memristive synapses."
https://openalex.org/W4394910310,https://doi.org/10.1016/j.patcog.2024.110502,2024,article,Dynamic image super-resolution via progressive contrastive self-distillation,Pattern Recognition,Advanced Image Processing Techniques,dynamic inference,,
https://openalex.org/W4398156591,https://doi.org/10.3217/tyv7-yh17,2024,preprint,Memory-efficient Energy-adaptive Inference of Pre-Trained Models on Batteryless Embedded Systems,arXiv (Cornell University),Parallel Computing and Optimization Techniques,adaptive inference,,"Batteryless systems frequently face power failures, requiring extra runtime buffers to maintain inference progress and leaving only a memory space for storing ultra-tiny deep neural networks (DNNs). Besides, making these models responsive to stochastic energy harvesting dynamics during inference requires a balance between inference accuracy, latency, and energy overhead. Recent works on compression mostly focus on time and memory, but"
https://openalex.org/W4398238712,https://doi.org/10.1145/3665868,2024,article,CARIn: Constraint-Aware and Responsive Inference on Heterogeneous Devices for Single- and Multi-DNN Workloads,ACM Transactions on Embedded Computing Systems,Advanced Neural Network Applications,runtime adaptation,,"The relentless expansion of deep learning applications in recent years has prompted a pivotal shift toward on-device execution, driven by the urgent need for real-time processing, heightened privacy concerns, and reduced latency across diverse domains. This article addresses the challenges inherent in optimising the execution of deep neural networks (DNNs) on mobile devices, with a focus on device heterogeneity, multi-DNN"
https://openalex.org/W4399121259,https://doi.org/10.1145/3636534.3649391,2024,conference-paper,FlexNN: Efficient and Adaptive DNN Inference on Memory-Constrained Edge Devices,,Advanced Neural Network Applications,adaptive DNN,,"Due to the popularity of deep neural networks (DNNs) and considerations over network overhead, data privacy, and inference latency, there is a growing interest in deploying DNNs to edge devices in recent years. However, the limited memory becomes a major bottleneck for on-device DNN deployment, making it crucial to reduce the memory footprint of DNN. The mainstream model customization solutions"
https://openalex.org/W4399151694,https://doi.org/10.48550/arxiv.2405.17914,2024,preprint,Trustworthy DNN Partition for Blockchain-enabled Digital Twin in Wireless IIoT Networks,arXiv (Cornell University),IoT and Edge/Fog Computing,dynamic DNN,,"Digital twin (DT) has emerged as a promising solution to enhance manufacturing efficiency in industrial Internet of Things (IIoT) networks. To promote the efficiency and trustworthiness of DT for wireless IIoT networks, we propose a blockchain-enabled DT (B-DT) framework that employs deep neural network (DNN) partitioning technique and reputation-based consensus mechanism, wherein the DTs maintained at the gateway side execute"
https://openalex.org/W4399487330,https://doi.org/10.1145/3649476.3658798,2024,conference-paper,Autotile: Autonomous Task-tiling for Deep Inference on Battery-less Embedded System,,Parallel Computing and Optimization Techniques,dynamic DNN,,"Deep Neural Networks (DNNs) are increasingly applied in various intelligent applications for enhanced accuracy for in-situ decision-making. Considering the cost and longevity, those intelligent applications usually employ energy harvesting (EH) for power supply. Nevertheless, due to inherent intermittency, EH power can frequently disrupt the runtime operation, resulting in subsequent forward progress loss when executing long computations of DNN inference. To"
https://openalex.org/W4399991074,https://doi.org/10.48550/arxiv.2406.15112,2024,preprint,Micro-power spoken keyword spotting on Xylo Audio 2,arXiv (Cornell University),Speech and Audio Processing,dynamic inference,,"For many years, designs for ""Neuromorphic"" or brain-like processors have been motivated by achieving extreme energy efficiency, compared with von-Neumann and tensor processor devices. As part of their design language, Neuromorphic processors take advantage of weight, parameter, state and activity sparsity. In the extreme case, neural networks based on these principles mimic the sparse activity oof biological nervous systems, in"
https://openalex.org/W4400679634,https://doi.org/10.1109/jiot.2024.3428554,2024,article,RAPNet: Resolution-Adaptive and Predictive Early Exit Network for Efficient Image Recognition,IEEE Internet of Things Journal,Advanced Neural Network Applications,adaptive inference,,"Deploying compute-intensive deep neural networks (DNNs) on resource-constrained end devices has become a prominent trend, enabling localized intelligence. However, efficiently deploying these DNNs at scale poses challenges. To address this, extensive research has focused on the early exit architecture based on convolutional neural networks (CNNs), which dynamically adapt network depth to reduce inference computation. Nevertheless, the sequential execution of all"
https://openalex.org/W4400726969,https://doi.org/10.1109/tmc.2024.3430103,2024,article,Real-Time Adaptive Partition and Resource Allocation for Multi-User End-Cloud Inference Collaboration in Mobile Environment,IEEE Transactions on Mobile Computing,Distributed and Parallel Computing Systems,adaptive DNN,,"The deployment of Deep Neural Networks (DNNs) requires significant computational and storage resources, which is challenging for resource-constrained end devices. To this end, collaborative deep inference is proposed, in which the DNN is divided into two parts and executed on the end device and cloud respectively. The selection of DNN partition point is the key challenge to realize end-cloud collaborative"
https://openalex.org/W4400770708,https://doi.org/10.1109/tmc.2024.3429571,2024,article,Reinforcement Learning Based Online Request Scheduling Framework for Workload-Adaptive Edge Deep Learning Inference,IEEE Transactions on Mobile Computing,Age of Information Optimization,adaptive inference,,"The recent advances of deep learning in various mobile and Internet-of-Things applications, coupled with the emergence of edge computing, have led to a strong trend of performing deep learning inference on the edge servers located physically close to the end devices. This trend presents the challenge of how to meet the quality-of-service requirements of inference tasks at the resource-constrained network"
https://openalex.org/W4400810926,https://doi.org/10.1109/aicas59952.2024.10595861,2024,conference-paper,Early-Exit with Class Exclusion for Efficient Inference of Neural Networks,,Neural Networks and Applications,dynamic inference,,"Deep neural networks (DNNs) have been successfully applied in various fields. In DNNs, a large number of multiply-accumulate (MAC) operations are required to be performed, posing critical challenges in applying them in resource-constrained platforms, e.g., edge devices. To address this challenge, in this paper, we propose a class-based early-exit for dynamic inference. Instead of pushing DNNs to make a dynamic"
https://openalex.org/W4401506654,https://doi.org/10.1007/978-981-97-5588-2_10,2024,conference-paper,SCAI: A Spectral Data Classification Framework with Adaptive Inference for Rapid and Portable Identification of Chinese Liquors,Lecture notes in computer science,Advanced Chemical Sensor Technologies,adaptive inference,,
https://openalex.org/W4401508022,https://doi.org/10.1109/infocom52122.2024.10621218,2024,conference-paper,Resource-aware Deployment of Dynamic DNNs over Multi-tiered Interconnected Systems,,IoT and Edge/Fog Computing,dynamic DNN,,"The increasing pervasiveness of intelligent mobile applications requires to exploit the full range of resources offered by the mobile-edge-cloud network for the execution of inference tasks. However, due to the heterogeneity of such multi-tiered networks, it is essential to make the applications’ demand amenable to the available resources while minimizing energy consumption. Modern dynamic deep neural networks (DNN) achieve this"
https://openalex.org/W4401568158,https://doi.org/10.23919/date58400.2024.10546704,2024,conference-paper,Fluid Dynamic DNNs for Reliable and Adaptive Distributed Inference on Edge Devices,,Context-Aware Activity Recognition Systems,dynamic DNN,,"Distributed inference is a popular approach for efficient DNN inference at the edge. However, traditional Static and Dynamic DNNs are not distribution-friendly, causing system reliability and adaptability issues. In this paper, we introduce Fluid Dynamic DNNs (Fluid DyDNNs), tailored for distributed inference. Distinct from Static and Dynamic DNNs, Fluid DyDNNs utilize a novel nested incremental training algorithm to enable independent"
https://openalex.org/W4401609390,https://doi.org/10.1109/coins61597.2024.10622127,2024,conference-paper,FPGA Acceleration of Dynamic Neural Networks: Challenges and Advancements,,Neural Networks and Applications,dynamic DNN,,"Modern machine learning methods continue to produce models with a high memory footprint and computational complexity that are increasingly difficult to deploy in resource constrained environments. This is, in part, driven by a focus on costly, power-intensive GPUs, which has a feedback effect on the variety of methods and models chosen for development. We advocate for a transition away from"
https://openalex.org/W4402157076,https://doi.org/10.1109/icc51166.2024.10622411,2024,conference-paper,Edge Computing with Early Exiting for Adaptive Inference in Mobile Autonomous Systems,,IoT and Edge/Fog Computing,adaptive inference,,"Early Exiting (EE) is an emerging computing paradigm where Deep Neural Networks (DNNs) are equipped with earlier classifiers, enabling trading-off accuracy with inference latency. EE can be effectively combined with edge computing, a paradigm that allows mobile nodes to offload complex tasks, such as the execution of DNNs, to servers at the edge of the network, thus reducing computing times"
https://openalex.org/W4402449925,https://doi.org/10.1109/twc.2024.3453650,2024,article,"Integrated Sensing, Communication, and Computation With Adaptive DNN Splitting in Multi-UAV Networks",IEEE Transactions on Wireless Communications,UAV Applications and Optimization,adaptive DNN,,"In this paper, we consider deploying multiple unmanned aerial vehicles (UAVs) to provide integrated sensing, communication, and computation (ISCC) services. During serving communication users, each UAV also senses targets and collaborates with the edge server to run a deep neural network (DNN) model to process the obtained sensing data for target classification. Considering that applying the fixed collaborative computation configurations"
https://openalex.org/W4402811232,https://doi.org/10.1109/tsc.2024.3466848,2024,article,Cutting-Edge Inference: Dynamic DNN Model Partitioning and Resource Scaling for Mobile AI,IEEE Transactions on Services Computing,IoT and Edge/Fog Computing,dynamic DNN,,"Recently, applications using artificial intelligence (AI) technique in mobile devices such as augmented reality have been extensively pervasive. The hardware specifications of mobile devices, dynamic service demands, stochastic network states, and characteristics of DNN (Deep Neural Network) models affect the quality of experience (QoE) of such applications. In this paper, we proposeCutEdge, that leverages a virtual queue-based Lyapunov optimization framework"
https://openalex.org/W4402834073,https://doi.org/10.1109/vtc2024-spring62846.2024.10682995,2024,conference-paper,Dynamic Batching and Early-Exiting for Accurate and Timely Edge Inference,,Age of Information Optimization,dynamic inference,,"This work aims to design a real-time inference scheduler that delivers accurate and timely edge inference ser-vices for dynamic inference arrivals by leveraging dynamic batching and early-exiting techniques. Specifically, we consider an edge inference server that is preinstalled with multiple early-exit Deep Neural Networks (DNNs) that support batch processing. The in-ference tasks with strict deadline requirements arrive at the edge"
https://openalex.org/W4402835950,https://doi.org/10.1109/isvlsi61997.2024.00024,2024,conference-paper,Adaptive and Offloaded CNNs for IoT-Edge FPGAs,,Embedded Systems Design Techniques,dynamic DNN,,"Deep Neural Networks drive the IoT revolution. To address latency and privacy in this new domain, IoT devices offload part of or all DNN processing to local edge servers rather than to the cloud. On one hand, FPGAs offer flexibility and efficiency levels for the resource-limited IoT and edge devices. On the other, runtime optimizations like pruning and early-exit can"
https://openalex.org/W4403196715,https://doi.org/10.1145/3698767,2024,article,Early-Exit Deep Neural Network - A Comprehensive Survey,ACM Computing Surveys,Advanced Neural Network Applications,adaptive inference,,"Deep neural networks (DNNs) typically have a single exit point that makes predictions by running the entire stack of neural layers. Since not all inputs require the same amount of computation to reach a confident prediction, recent research has focused on incorporating multiple “exits” into the conventional DNN architecture. Early-exit DNNs are multi-exit neural networks that attach many side branches"
https://openalex.org/W4403260539,https://doi.org/10.22541/au.172851214.47069639/v1,2024,preprint,An Adaptive Compute Approach to Optimize Inference Efficiency in Large Language Models,,Topic Modeling,adaptive inference,,"The increasing computational demands of state-ofthe-art machine learning models have posed significant challenges for real-time applications, particularly in environments where hardware resources are limited. A novel adaptive inference-time compute framework is introduced, offering an efficient solution that dynamically adjusts computational resources based on the complexity of the input data. Through the use of dynamic scaling of model layers, attention heads,"
https://openalex.org/W4403278202,https://doi.org/10.1109/tcad.2024.3476450,2024,article,BAQE: Backend-Adaptive DNN Deployment via Synchronous Bayesian Quantization and Hardware Configuration Exploration,IEEE Transactions on Computer-Aided Design of Integrated Circuits and Systems,Brain Tumor Detection and Classification,adaptive DNN,,"Efficiently deploying deep learning (DL) algorithms on different hardware backends has become a time-consuming challenge. Achieving ultimate inference efficiency on hardware requires both algorithm-level model compression techniques, such as model quantization, and hardware-level optimization, such as operation reconfiguration and scheduling. In this article, we propose BAQE, a unified deployment framework that bridges the gap between algorithm-level and backend-level optimization. By"
https://openalex.org/W4403566862,https://doi.org/10.32620/reks.2024.3.04,2024,article,Object detection with afordable robustness for UAV aerial imagery: model and providing method,RADIOELECTRONIC AND COMPUTER SYSTEMS,Infrared Target Detection Methodologies,dynamic inference,,"Neural network object detectors are increasingly being used for aerial video analysis, with a growing demand for onboard processing on UAVs and other limited resources. However, the vulnerability of neural networks to adversarial noise, out-of-distribution data, and fault injections reduces the functionality and reliability of these solutions. The development of detector models and training methods that simultaneously ensure computational efficiency"
https://openalex.org/W4403968670,https://doi.org/10.1016/j.measurement.2024.116064,2024,article,Enhancing LoRaWAN localization efficiency: Leveraging machine learning and optimized parameter tuning for a 60% improvement,Measurement,IoT Networks and Protocols,configuration selection,,
https://openalex.org/W4404034550,https://doi.org/10.1145/3666025.3699348,2024,conference-paper,DynaSpa: Exploiting Spatial Sparsity for Efficient Dynamic DNN Inference on Devices,,Advanced Neural Network Applications,dynamic DNN,,"Recent advancements in exploring machine learning models' dynamic spatial sparsity have demonstrated great potential for superior efficiency and adaptability without compromising accuracy when compared to conventional static-and-dense DNNs. However, realizing theoretical inference acceleration under practical deployment environments is still faced with significant system challenges. Current vendor libraries and tensor compilers fall short due to their extra data copy operations or"
https://openalex.org/W4404177704,https://doi.org/10.1007/978-3-031-72855-6_21,2024,conference-paper,Data Overfitting for On-device Super-Resolution with Dynamic Algorithm and Compiler Co-design,Lecture notes in computer science,Advanced Image Processing Techniques,model switching,,
https://openalex.org/W4404388593,https://doi.org/10.48550/arxiv.2411.02471,2024,preprint,Energy-Aware Dynamic Neural Inference,arXiv (Cornell University),Neural Networks and Applications,adaptive inference,,"The growing demand for intelligent applications beyond the network edge, coupled with the need for sustainable operation, are driving the seamless integration of deep learning (DL) algorithms into energy-limited, and even energy-harvesting end-devices. However, the stochastic nature of ambient energy sources often results in insufficient harvesting rates, failing to meet the energy requirements for inference and causing significant performance degradation"
https://openalex.org/W4404853672,https://doi.org/10.1007/978-3-031-78186-5_15,2024,conference-paper,Dynamic Inference and Top-down Attention in a Hierarchical Classification Network,Lecture notes in computer science,Neural Networks and Applications,dynamic inference,,
https://openalex.org/W4405179077,https://doi.org/10.1109/jiot.2024.3514661,2024,article,EECS: Efficient End-Cloud Collaborative System With On-Demand Offloading Mechanism for Convolutional Neural Network,IEEE Internet of Things Journal,IoT and Edge/Fog Computing,dynamic inference,,"The end-cloud synergy with neural networks offers significant promise for enhancing AI-IoT systems. Numerous studies have been conducted to effectively address the dynamic and resource-constrained nature of IoT; however, challenges persist in adaptability to constraints, horizontal integration between technologies, and system-level optimization. In this article, we propose an end-cloud collaborative system (EECS) with an on-demand offloading mechanism for AI-IoT. We"
https://openalex.org/W4406859170,https://doi.org/10.1109/ipccc59868.2024.10850328,2024,conference-paper,HANNA: Harvesting-Aware Neural Network Architecture Search for Batteryless Intermittent Devices,,Advanced Memory and Neural Computing,adaptive DNN,,"Batteryless energy-harvesting IoT devices offer maintenance-free and sustainable deployment solutions to enable pervasive intelligence even in remote areas. To develop intelligent and autonomous applications, we need to make decisions locally, often using deep neural networks (DNNs) because communication of sensed data to the cloud is expensive in terms of latency and energy. Further to enable useful applications guaranteeing timeliness while"
https://openalex.org/W4408898011,https://doi.org/10.1109/secon64284.2024.10934959,2024,conference-paper,TINIEE: Traffic-Aware Adaptive In-Network Intelligence via Early-Exit Strategy,,Energy Efficient Wireless Sensor Networks,adaptive inference,,"In-network (or on-path) inference over programmable data planes (PDPs) allows fast and low-overhead inference using deep neural networks (DNN). To alleviate the massive processing and deployment cost of in-network inference, distributed deployment on multiple programmable network devices is mainly adopted. However, it is likely to produce a considerable amount of network traffic due to the exclusive forwarding chain and intermediate"
https://openalex.org/W4412230574,,2024,dissertation,Optimizing Deep Learning Inference for Edge Intelligence,,Big Data and Digital Economy,dynamic inference,,"This works addresses the challenges encountered when deploying deep learning systems in edge computing and cloud IoT environments such as smart cities, where many clients send their input images and video frames to be processed by a few edge or cloud servers. There is an inherent trade-off between accuracy and efficiency in such environments, which occurs as a result of"
https://openalex.org/W4416430310,https://doi.org/10.48161/qtj.v3n2a25,2024,article,Adaptive Deep Learning Architectures for Real-Time Data Streams in Edge Computing Environments,Qubahan Techno Journal,IoT and Edge/Fog Computing,adaptive DNN,,"The increasing reliance on real-time analytics within edge computing environments has underscored the need for adaptive deep learning architectures capable of handling continuous data streams under limited computational and energy resources. Unlike traditional cloud-based frameworks, edge computing shifts computation closer to the data source, minimizing latency, preserving data privacy, and supporting responsive decision-making in dynamic contexts. This paper comprehensively examines"
https://openalex.org/W7133038545,,2024,dissertation,Automatic Compiler-based Optimizations for Deep Neural Networks,TSpace (University of Toronto),Graph Theory and Algorithms,dynamic DNN,,"Deep neural networks (DNNs) are the current state-of-the-art machine learning algorithms in various application domains. Due to their importance, it is crucial that we guarantee their efficient executions on hardware platforms such as GPUs. In this thesis, we optimize the runtime performance and the device memory consumption of DNNs running on modern GPUs. To make our optimizations generic, automatic, and"
https://openalex.org/W4405089583,https://doi.org/10.1109/iccv51701.2025.01877,2025,conference-paper,AIM: Adaptive Inference of Multi-Modal LLMs via Token Merging and Pruning,,Digital Rights Management and Security,adaptive inference,,"Large language models (LLMs) have enabled the creation of multi-modal LLMs that exhibit strong comprehension of visual data such as images and videos. However, these models usually rely on extensive visual tokens from visual encoders, leading to high computational demands, which limits their applicability in resource-constrained environments and for long-context tasks. In this work, we propose a training-free adaptive inference"
https://openalex.org/W4406416432,https://doi.org/10.1109/tia.2025.3529825,2025,article,Perception Method of Voltage Spatial-Temporal Distribution for EV Enriched Distribution Network: A Priority Adaptive DNN Enhancement Approach,IEEE Transactions on Industry Applications,Electric Vehicles and Infrastructure,adaptive DNN,,"With rapid growth of electric vehicles (EVs) and the integration of large-scale distributed energy sources in distribution networks (DNs), their stochastic and disorderly integration presents a significant challenge to real-time voltage perception. Accordingly, this paper puts forth a priority adaptive deep neural network (DNN) enhancement approach for voltage real-time perception, with the objective of establishing the spatial-temporal mapping relationship between"
https://openalex.org/W4406448540,https://doi.org/10.48550/arxiv.2501.07670,2025,preprint,A Survey of Early Exit Deep Neural Networks in NLP,arXiv (Cornell University),Natural Language Processing Techniques,adaptive inference,,"Deep Neural Networks (DNNs) have grown increasingly large in size to achieve state of the art performance across a wide range of tasks. However, their high computational requirements make them less suitable for resource-constrained applications. Also, real-world datasets often consist of a mixture of easy and complex samples, necessitating adaptive inference mechanisms that account for sample difficulty. Early exit strategies"
https://openalex.org/W4406991871,https://doi.org/10.1007/978-981-96-0055-7_25,2025,conference-paper,Collaborative Inference for Adaptive DNN Pipeline-Aware Alignment,Communications in computer and information science,IoT and Edge/Fog Computing,adaptive DNN,,
https://openalex.org/W4407376601,https://doi.org/10.1109/tce.2025.3540853,2025,article,AHARNet: Adaptive Human Activity Recognition Model for Multimodal Consumer Electronics With Different Computation Resources,IEEE Transactions on Consumer Electronics,Context-Aware Activity Recognition Systems,adaptive inference,,"With the development of consumer electronics, enhancing smart terminal devices to better serve humans has received increasing attention. Human Activity Recognition (HAR) plays a crucial role in enhancing and improving human life on smart terminal devices, and has become a popular research topic. HAR models based on deep learning have demonstrated impressive performance due to their powerful feature extraction capabilities."
https://openalex.org/W4407949708,https://doi.org/10.1109/ton.2025.3543848,2025,article,Distributing Inference Tasks Over Interconnected Systems Through Dynamic DNNs,IEEE Transactions on Networking,Neural Networks and Applications,dynamic DNN,,An increasing number of mobile applications leverage deep neural networks (DNN) as an essential component to adapt to the operational context at hand and provide users with an enhanced experience. It is thus of paramount importance that network systems support the execution of DNN inference tasks in an efficient and sustainable way. Matching the diverse resources available at the mobile-edge-cloud
https://openalex.org/W4408017328,https://doi.org/10.1109/tits.2025.3545126,2025,article,EMVP: An Edge-Assisted Multi-Task Visual Perception System for Multi-Vehicle Scenarios,IEEE Transactions on Intelligent Transportation Systems,Advanced Neural Network Applications,adaptive inference,,"Visual perception, as a core component of Intelligent Transportation Systems (ITS), plays a key role in enhancing safety and efficiency in urban mobility. While single-task visual perception methods have applications in areas like pedestrian detection and traffic sign recognition, the complexity of real-world scenarios necessitates a shift toward multi-task approaches. This paper introduces the Edge-assisted Multi-task Visual Perception (EMVP) system,"
https://openalex.org/W4408144859,https://doi.org/10.1109/tvlsi.2025.3543445,2025,article,IoT-Edge Splitting With Pruned Early-Exit CNNs for Adaptive Inference,IEEE Transactions on Very Large Scale Integration (VLSI) Systems,Advanced Neural Network Applications,adaptive inference|dynamic DNN,,"Deep neural networks (DNNs) are driving the Internet of Things (IoT) revolution. To manage latency and privacy concerns in this domain, IoT devices may offload partial or full DNN processing to nearby edge servers rather than relying only on the cloud. In this scenario, while field-programmable gate arrays (FPGAs) are efficient and provide flexibility for these resource-constrained IoT and edge"
https://openalex.org/W4408867174,https://doi.org/10.1145/3689031.3696074,2025,conference-paper,Multiplexing Dynamic Deep Learning Workloads with SLO-awareness in GPU Clusters,,Advanced Neural Network Applications,dynamic inference,,"Deep learning (DL) inference services are widely recognized as crucial workloads in large-scale cloud clusters. However, due to the stringent latency requirements, cloud providers often over-provision GPU resources, resulting in underutilization of the available GPU potential. Although co-locating tasks on the same device can enhance utilization, ensuring Service Level Objectives (SLOs) guarantees for multiplexing highly dynamic inference services becomes extremely"
https://openalex.org/W4408899081,https://doi.org/10.1109/icpeca63937.2025.10928802,2025,conference-paper,Research on Optimization Algorithm of Embedded AI Real-Time Deep Learning Model in IoT Devices,,Advanced Sensor and Control Systems,adaptive inference,,"This paper focuses on the optimization algorithm of embedded AI real-time deep learning models in IoT devices, aiming to solve the problem of efficient and low-latency inference in resource-constrained environments. In order to solve the problems of high computational complexity and large memory occupation of existing models when running on embedded devices, this paper proposes a multi-stage optimization framework, which"
https://openalex.org/W4408934626,https://doi.org/10.1007/s42979-025-03768-x,2025,article,HOQF-M: Hybrid Optimization of Quantization Friendly MobileNet Architecture for Vision Based Applications on Edge Devices,SN Computer Science,Machine Learning and ELM,adaptive DNN,,
https://openalex.org/W4409129983,https://doi.org/10.1109/jiot.2025.3557408,2025,article,Dynamic Transfer Learning Switching Approach Using Resource Benchmark in Edge Intelligence,IEEE Internet of Things Journal,Machine Learning and ELM,model switching,,"Machine learning (ML) techniques are applied for profiling computing and processing resources data collected while running deep neural network models on edge devices. Adaptive deep neural network (DNN) model switching requires proper benchmarking for categorizing AI models based on their applications and computational resources enabled by their processing accelerators. Based on benchmark metrics, DNN models can be classified into tiny,"
https://openalex.org/W4409263514,https://doi.org/10.1109/wacv61041.2025.00194,2025,conference-paper,DARDA: Domain-Aware Real-Time Dynamic Neural Network Adaptation*,,Brain Tumor Detection and Classification,adaptive DNN,,"Test Time Adaptation (TTA) has emerged as a practical solution to mitigate the performance degradation of Deep Neural Networks (DNNs) in the presence of corruption/ noise affecting inputs. Existing approaches in TTA continuously adapt the DNN, leading to excessive resource consumption and performance degradation due to accumulation of error stemming from lack of supervision. In this work, we propose Domain-Aware"
https://openalex.org/W4409561031,https://doi.org/10.1109/tnsm.2025.3561739,2025,article,Joint DNN Partitioning and Task Offloading Based on Attention Mechanism-Aided Reinforcement Learning,IEEE Transactions on Network and Service Management,Brain Tumor Detection and Classification,adaptive inference,,"The rapid advancement of artificial intelligence applications has resulted in the deployment of a growing number of deep neural networks (DNNs) on mobile devices. Given the limited computational capabilities and small battery capacity of these devices, supporting efficient DNN inference presents a significant challenge. This paper considers the joint design of DNN model partitioning and offloading under high-concurrent tasks scenarios."
https://openalex.org/W4410029827,https://doi.org/10.1016/j.cja.2025.103564,2025,article,Adaptive model switching of collaborative inference for multi-CNN streams in UAV swarm,Chinese Journal of Aeronautics,UAV Applications and Optimization,model switching,,"Unmanned Aerial Vehicles (UAVs) coupled with deep learning such as Convolutional Neural Networks (CNNs) have been widely applied across numerous domains, including agriculture, smart city monitoring, and fire rescue operations, owing to their malleability and versatility. However, the computation-intensive and latency-sensitive natures of CNNs present a formidable obstacle to their deployment on resource-constrained UAVs. Some early studies have explored a"
https://openalex.org/W4410087102,https://doi.org/10.1109/lcomm.2025.3566862,2025,article,Adaptive SNR-Driven Fusion of CNN-GRU Networks for Enhanced Vehicle Velocity Estimation,IEEE Communications Letters,Vehicle Dynamics and Control Systems,dynamic model selection|model switching,,Vehicle velocity estimation in the Internet of Vehicles (IoV) domain faces challenges due to varying signal conditions and computational constraints. Traditional approaches either suffer from performance degradation in low Signal-to-Noise Ratio (SNR) environments or incur substantial computational overhead. This letter introduces an adaptive fusion framework that combines Convolutional Neural Network (CNN) and Gated Recurrent Unit (GRU) architectures through SNR-driven dynamic
https://openalex.org/W4410216893,https://doi.org/10.3390/chips4020024,2025,article,NeuroAdaptiveNet: A Reconfigurable FPGA-Based Neural Network System with Dynamic Model Selection,Chips,Neural Networks and Applications,dynamic model selection,,"This paper presents NeuroAdaptiveNet, an FPGA-based neural network framework that dynamically self-adjusts its architectural configurations in real time to maximize performance across diverse datasets. The core innovation is a Dynamic Classifier Selection mechanism, which harnesses the k-Nearest Centroid algorithm to identify the most competent neural network model for each incoming data sample. By adaptively selecting the most suitable model configuration,"
https://openalex.org/W4410583443,https://doi.org/10.23919/date64628.2025.10993274,2025,conference-paper,Joint DNN Partition and Thread Allocation Optimization for Energy-Harvesting MEC Systems,,Energy Harvesting in Wireless Networks,dynamic DNN,,"Deep neural networks (DNNs) have demonstrated exceptional performance, leading to diverse applications across various mobile devices (MDs). Considering factors like portability and environmental sustainability, an increasing number of MDs are adopting energy harvesting (EH) techniques for power supply. However, the computational intensity of DNNs presents significant challenges for their deployment on these resource-constrained devices. Existing approaches often employ DNN partition"
https://openalex.org/W4410816770,https://doi.org/10.1016/j.iotcps.2026.04.002,2025,article,"A review on LLMs for IoT ecosystem: State-of-the-art, lightweight models, use cases, key challenges, future directions",Internet of Things and Cyber-Physical Systems,Scientific Computing and Data Management,adaptive inference,,"The emergence of Large Language Models (LLMs) has profoundly reshaped computational linguistics, enabling unprecedented reasoning, context awareness, and semantic understanding capabilities. Integrating these sophisticated models into Internet-of-Things (IoT) ecosystems holds transformative potential for enabling intelligent, autonomous, and contextuallyaware applications. This article begins with an extensive state-ofthe-art survey of existing literature on the integration of LLMs within IoT environments, establishing foundational"
https://openalex.org/W4410887595,https://doi.org/10.1109/isqed65160.2025.11014335,2025,conference-paper,Energy-Adaptive Checkpoint-Free Intermittent Inference for Low Power Energy Harvesting Systems,,Energy Harvesting in Wireless Networks,adaptive DNN,,"Deep neural network (DNN) inference in energy harvesting (EH) devices poses significant challenges due to resource constraints and frequent power interruptions. These power losses not only increase end-to-end latency, but also compromise inference consistency and accuracy, as existing checkpointing and restore mechanisms are prone to errors. Consequently, the quality of service (QoS) for DNN inference on EH devices is severely"
https://openalex.org/W4411079223,https://doi.org/10.1016/j.comnet.2025.111409,2025,article,Ensemble early exit network on human activity recognition using wearable sensors,Computer Networks,Context-Aware Activity Recognition Systems,adaptive inference,,
https://openalex.org/W4411086149,https://doi.org/10.21203/rs.3.rs-6830624/v1,2025,preprint,EDR-SNN: An Energy-Efficient and Dynamic Inference Framework for Robust Spiking Neural Networks,Research Square,Advanced Memory and Neural Computing,dynamic inference,,
https://openalex.org/W4411399839,https://doi.org/10.1016/j.future.2025.107942,2025,article,Reinforcement Learning based collaborative DNN inference for edge intelligence,Future Generation Computer Systems,Video Surveillance and Tracking Methods,dynamic DNN,,
https://openalex.org/W4411580136,https://doi.org/10.1016/j.engappai.2025.111383,2025,article,Efficient reconfigurable system for home monitoring of the elderly via action recognition,Engineering Applications of Artificial Intelligence,Context-Aware Activity Recognition Systems,run-time adaptation,,"The rapid growth of the aging population poses serious challenges for our society e.g. the increase of the healthcare costs. Smart-Health Cyber–Physical Systems (CPSs) offer innovative solutions to ease this burden. This work proposes a general framework adapted in run-time to optimize the system’s overall performance, continuously monitoring system working qualities such as response time, accuracy, or energy consumption. Adaptation"
https://openalex.org/W4411599698,https://doi.org/10.1109/tmc.2025.3582583,2025,article,NestQuant: Post-Training Integer-Nesting Quantization for On-Device DNN,IEEE Transactions on Mobile Computing,Brain Tumor Detection and Classification,model switching,,"Deploying quantized deep neural network (DNN) models with resource adaptation capabilities on ubiquitous Internet of Things (IoT) devices to provide high-quality AI services can leverage the benefits of compression and meet multi-scenario resource requirements. However, existing dynamic/mixed precision quantization requires retraining or special hardware, whereas post-training quantization (PTQ) has two limitations for resource adaptation: (i) The state-of-the-art PTQ methods only"
https://openalex.org/W4411607398,https://doi.org/10.22214/ijraset.2025.72693,2025,article,Edge-Embedded System-on-Chip Architecture for Unified Transformer-Based AI in Cross-Domain Energy Systems,International Journal for Research in Applied Science and Engineering Technology,Parallel Computing and Optimization Techniques,adaptive inference,,"Recent advances in deep learning hardware often fail to deliver crossdomain portability, multimodal signal processing, and task-adaptive inference essential for smart grids, UAVs, and spacecraft systems. This paper introduces a novel System-onChip (SoC) design tailored for the UCMTransformer—a unified Transformer-GNN hybrid model capable of realtime forecasting, control, and fault detection across Earth and aerospace domains. Our design incorporates neuromorphic processors,"
https://openalex.org/W4411725088,https://doi.org/10.1109/iscas56072.2025.11044244,2025,conference-paper,Leveraging Image Difficulty for Run-Time Adaptive DNN Inference on Embedded Devices,,Brain Tumor Detection and Classification,adaptive DNN,,"Deep Neural Networks (DNNs) impose great challenges on resource-constraint embedded devices since they employ billions of computational operations. To satisfy these computational demands such devices utilize hardware accelerators, which can lead to increased power consumption whatsoever. To that end, the compression of DNNs to lower precision has been proposed, in order to achieve savings in energy consumption at the cost"
https://openalex.org/W4412164080,https://doi.org/10.1109/tmc.2025.3586793,2025,article,"Joint DNN Model Deployment, Selection, and Configuration for Heterogeneous Inference Services Toward Edge Intelligence",IEEE Transactions on Mobile Computing,Seismology and Earthquake Studies,adaptive DNN,,"Edge intelligence is an emerging paradigm in edge computing that deploys Deep Neural Network (DNN) models on edge servers with limited storage and computation capacities to provide inference services for high mobility and real-time applications, such as autonomous driving or smart surveillance, with varying accuracy and delay requirements. Adapting application configurations (e.g., image resolution or video frame rate) while selecting"
https://openalex.org/W4412431391,https://doi.org/10.1109/noms57970.2025.11073623,2025,conference-paper,Infer-EDGE: Dynamic DNN Inference Optimization in Just-in-Time Edge-AI Implementations,,IoT and Edge/Fog Computing,dynamic DNN,,"In recent times, ‘Just-in-time’ edge environments have gained popularity due to on-demand edge resource requirements for deep neural network (DNN) based video processing applications in mission-critical use cases, such as public safety and tactical situations. However, striking a balance among mutually diverging performance metrics, such as end-to-end latency, accuracy, and device energy consumption in such inherently resource-constrained and loosely coupled"
https://openalex.org/W4412445643,https://doi.org/10.1109/noms57970.2025.11073724,2025,conference-paper,Adversarial Autoencoder based Model Extraction Attacks for Collaborative DNN Inference at Edge,,Adversarial Robustness in Machine Learning,dynamic DNN,,"Deep neural networks (DNNs) are influencing a wide range of applications from safety-critical to security-sensitive use cases. In many such use cases, the DNN inference process relies on distributed systems involving IoT devices and edge/cloud severs as participants where a pre-trained DNN model is partitioned/split onto multiple parts and the participants collaboratively execute them. However, often such collaboration requires dynamic"
https://openalex.org/W4412939740,https://doi.org/10.1109/les.2025.3595439,2025,article,Combining Early Exit and Selective Prediction for Convolutional Neural Networks,IEEE Embedded Systems Letters,Neural Networks and Applications,adaptive inference,,"The deployment of CNN in real-time and resource-constrained applications poses critical challenges due to their computational demands and the need for reliable decision making. In this paper, we combine adaptive inference via Early Exits (EE) with Selective Prediction (SP) to address these challenges. Early exits allow confident predictions at intermediate layers, while selective prediction introduces uncertainty estimation modules, enabling the"
https://openalex.org/W4413068226,https://doi.org/10.1155/dsn/5973480,2025,article,AI‐Driven Adaptive Security for Sensor Networks: Next‐Generation Firewalls for Attack Detection,International Journal of Distributed Sensor Networks,Network Security and Intrusion Detection,model switching,,"Sensor networks are increasingly critical in modern smart environments; however, their limited computational resources expose them to sophisticated cyber threats. Traditional static firewalls and computationally intensive deep learning models are impractical for securing such networks. This study proposes an adaptive next‐generation firewall (NGFW) that dynamically switches between shallow and deep AI models based on real‐time network load and resource availability."
https://openalex.org/W4413183421,https://doi.org/10.54254/2755-2721/2025.po25967,2025,article,Model Optimization Techniques for Embedded Artificial Intelligence,Applied and Computational Engineering,Advanced Neural Network Applications,dynamic inference,,"Deep neural networks (DNNs) are playing an important role in various areas including computer vision (CV) and natural language processing. This paper comprehensively analyzes model optimization techniques for deploying deep neural networks on resource-constrained embedded systems. We evaluate three core paradigms—pruning, quantization, and dynamic inference—focusing on their efficacy in balancing computational efficiency, memory footprint, and accuracy retention. For each technique,"
https://openalex.org/W4413288901,https://doi.org/10.2139/ssrn.5383916,2025,preprint,AI-Driven High-Performance Data Analytics for Climate-Resilient Smart Cities and Energy Systems,SSRN Electronic Journal,Traffic Prediction and Management Techniques,adaptive model selection,,
https://openalex.org/W4413442912,https://doi.org/10.1109/coins65080.2025.11125769,2025,conference-paper,Dyna-Optics: Architecting a Channel-Adaptive DNN Near-Sensor Optical Accelerator for Dynamic Inference,,Neural Networks and Reservoir Computing,adaptive DNN|dynamic inference,,This paper presents a high-performance and energy-efficient near-sensor optical Deep Neural Network (DNN) accelerator—named Dyna-Optics—for dynamic inference in vision applications. Dyna-Optics leverages the efficiency of silicon photonic devices in an innovative real-time adjustable architecture supported by a novel channel-adaptive dynamic neural network algorithm to perform near-sensor granularity-controllable convolution operations for the first time. Dyna-Optics is co-designed to adjust its photonic
https://openalex.org/W4413553381,https://doi.org/10.1109/tpds.2025.3602521,2025,article,EdgeAIBus: AI-Driven Joint Container Management and Model Selection Framework for Heterogeneous Edge Computing,IEEE Transactions on Parallel and Distributed Systems,Cloud Computing and Resource Management,model switching,,"Containerized Edge computing offers lightweight, reliable, and quick solutions to latency-critical Machine Learning (ML) and Deep Learning (DL) applications. Existing solutions considering multiple Quality of Service (QoS) parameters either overlook the intricate relation of QoS parameters or pose significant scheduling overheads. Furthermore, reactive decisionmaking can damage Edge servers at peak load, incurring escalated costs and wasted computations. Resource provisioning, scheduling,"
https://openalex.org/W4413967274,https://doi.org/10.1109/tc.2025.3605749,2025,article,Optimizing Multi-DNN Parallel Inference Performance in MEC Networks: A Resource-Aware and Dynamic DNN Deployment Scheme,IEEE Transactions on Computers,Energy Efficient Wireless Sensor Networks,dynamic DNN,,"The advent of Multi-access Edge Computing (MEC) has empowered Internet of Things (IoT) devices and edge servers to deploy sophisticated Deep Neural Network (DNN) applications, enabling real-time inference. Many concurrent inference requests and intricate DNN models demand efficient multi-DNN inference in MEC networks. However, the resource-limited IoT device/edge server and expanding model size force models to be dynamically deployed, resulting"
https://openalex.org/W4414164322,https://doi.org/10.1016/j.asoc.2025.113861,2025,article,Fixing deep early exit ensembles for sensor-based human activity recognition through uncertainty quantification,Applied Soft Computing,Context-Aware Activity Recognition Systems,dynamic DNN,,
https://openalex.org/W4414165967,https://doi.org/10.1109/icccworkshops67136.2025.11147210,2025,conference-paper,Dynamic Quality-Latency Aware Routing for LLM Inference in Wireless Edge-Device Networks,,Energy Efficient Wireless Sensor Networks,model switching,,"The integration of wireless communications and Large Language Models (LLMs) is poised to unlock ubiquitous intelligent services, yet deploying them in wireless edge-device collaborative environments presents a critical trade-off between inference quality and end-to-end latency. A fundamental mismatch exists between task complexity and resource allocation: offloading simple queries invites prohibitive latency, while on-device models lack the capacity for demanding computations."
https://openalex.org/W4414169753,https://doi.org/10.1109/icccworkshops67136.2025.11148170,2025,conference-paper,Joint Split Inference Design and Bandwidth Allocation for Intelligent Edge Perception Network,,Indoor and Outdoor Localization Technologies,adaptive DNN,,"The integration of artificial intelligence and wireless sensing at the network edge offers significant potential to alleviate device-side computational burdens and reduce the computational delay of the sensing task. However, offloading raw sensing data to Mobile Edge Computing (MEC) servers often leads to substantial transmission delays. To address this, we introduce split inference into edge perception networks and propose a"
https://openalex.org/W4414197102,https://doi.org/10.1109/lcn65610.2025.11146344,2025,conference-paper,AdVAR-DNN: Adversarial Misclassification Attack on Collaborative DNN Inference,,COVID-19 diagnosis using AI,dynamic DNN,,"In recent years, Deep Neural Networks (DNNs) have become increasingly integral to IoT-based environments, enabling real-time visual computing. However, the limited computational capacity of these devices has motivated the adoption of collaborative DNN inference, where the IoT device offloads part of the inference-related computation to a remote server. Such offloading often requires dynamic DNN partitioning information to be exchanged among"
https://openalex.org/W4414447071,https://doi.org/10.1016/j.knosys.2025.114514,2025,article,Energy-Efficient adaptive perception for autonomous driving via lightweight policy learning and simulation-based optimization,Knowledge-Based Systems,Advanced Neural Network Applications,adaptive model selection,,
https://openalex.org/W4414603109,https://doi.org/10.1109/tnse.2025.3615533,2025,article,Age-of-Information-Aware Hierarchical Collaborative Inference in Digital Twin-Enabled Vehicular Edge Computing,IEEE Transactions on Network Science and Engineering,Age of Information Optimization,dynamic inference,,"Digital twin-enabled vehicular edge computing leverages virtual representations of physical vehicles to facilitate real-time intelligent services such as collaborative perception, trajectory prediction, fault diagnosis, and proactive decision-making through seamless integration of sensing, computing, and communication resources. The effectiveness of these services critically depends on the timely execution of deep learning inference tasks. However, vehicular mobility and dynamic contention for limited"
https://openalex.org/W4414956594,https://doi.org/10.1109/cmss66566.2025.11182406,2025,conference-paper,Intelligent Edge Computing for Real-Time Patient Health Monitoring using Adaptive CNN-LSTM,,Impact of AI and Big Data on Business and Society,adaptive model selection,,"The increasing demand for real-time patient health monitoring is enhancing the need for intelligent, low-latency, and privacy-aware edge computing frameworks. This paper proposes an Adaptive CNN-LSTM (ConvLSTM-Edge) model, an edge-centric deep learning framework for real-time health risk prediction. The model leverages CNNs for spatial feature extraction and LSTMs for temporal pattern recognition, delivering timely and accurate health assessments. A novel"
https://openalex.org/W4415399672,https://doi.org/10.1109/etfa65518.2025.11205655,2025,conference-paper,On-device Fault Classification for industrial environments: leveraging hierarchical CNNs for energy efficiency,,Industrial Vision Systems and Defect Detection,adaptive inference,,"Diagnosis and predictive maintenance are vital in modern production, where minimizing downtime and ensuring efficiency are crucial. Embedded AI enables real-time, on-site analysis, reducing reliance on cloud infrastructures. This paper presents an energy-efficient sensor data classification method for edge devices using adaptive inference strategies.The approach employs a hierarchical system, starting with a lightweight machine learning model to assess data complexity."
https://openalex.org/W4415624979,https://doi.org/10.1109/incsst64791.2025.11210406,2025,conference-paper,Implementing Deep Learning for Battery-Operated Smart Devices: The Power Consumption using Optimization Techniques,,Green IT and Sustainability,model switching,,"Deploying deep learning models on batterypowered smart devices is challenging due to the dual requirements to have both high computational performance and low energy consumption. With supporting voice recognition, image processing, and environment sensing and so forth has raised the bar for resource efficiency and execution latency, the integration of deep learning on these devices requiring energy efficient execution for"
https://openalex.org/W4415646594,https://doi.org/10.36227/techrxiv.176171093.30943761/v1,2025,preprint,UniOpt: Large Model Training and Inference Optimization Based on ARM and NPU,,Advanced Neural Network Applications,adaptive inference,,"As large language models surpass the hundredbillion parameter scale, traditional x86+GPU systems suffer from issues of high cost, power use, and supply-chain constraints. Heterogeneous computing platforms based on ARM processors and Neural Processing Units (NPUs), with their excellent energy efficiency and architectural flexibility, offer a strategically valuable technical path. However, deploying large models in an ARM-NPU heterogeneous environment faces severe"
https://openalex.org/W4415686238,https://doi.org/10.54691/z670ae37,2025,article,Real-Time Urban Traffic Perception for Resource-Constrained Embedded Vision: A Review,Scientific Journal of Intelligent Systems Research,Advanced Neural Network Applications,adaptive inference,,"Urban mobility is essential to the economic and social vitality of cities, but congestion, pollution, and security issues continue to plague urban transport systems. Conventional traffic sensing and control techniques cannot provide timely and scalable awareness at a large scale in complex urban environments, so the development of intelligence data-driven solutions is justifiable. Recent years have witnessed great strides in"
https://openalex.org/W4415715109,https://doi.org/10.1145/3774505.3774517,2025,article,On-Device Dynamic DNN Inference through Spatial Sparsity Exploitation,GetMobile Mobile Computing and Communications,Advanced Neural Network Applications,dynamic DNN,,"Deep Neural Networks (DNNs) are crucial for applications like autonomous driving, augmented reality, and mixed reality. Growing concerns about latency and privacy increasingly require deploying task-specific networks on mobile and edge devices. Extensive research focuses on accelerating DNNs while preserving output quality, particularly through model adjustments tailored for resource-limited devices [1-5]."
https://openalex.org/W4415742373,https://doi.org/10.1007/978-981-95-3729-7_8,2025,conference-paper,GLDNN: A Group-Level Dynamic Neural Network via Knowledge Distillation for Image Recognition,Lecture notes in computer science,Advanced Neural Network Applications,adaptive inference,,
https://openalex.org/W4415884568,https://doi.org/10.1109/mass66014.2025.00025,2025,conference-paper,Distributed Context-Aware Resource Allocation for Dynamic Sensor Fusion in Edge Inference,,IoT and Edge/Fog Computing,adaptive inference|dynamic DNN,,"The fusion of multi-modal information, such as images and LiDAR scans, is instrumental to maximize the performance of many computer vision tasks in next generation systems and applications. However, supporting fusion necessitates considerable effort, challenging the availability of computing and communication resources in edge systems. This work addresses this challenge by maximizing resource efficiency in systems where mobile devices collect"
https://openalex.org/W4415974678,https://doi.org/10.1016/j.procs.2025.09.375,2025,conference-paper,The Concept of Self-Adaptive Dynamic Reconfiguration in FPGA-Based DSP Systems,Procedia Computer Science,Evolutionary Algorithms and Applications,configuration selection,,"This article presents the concept of digital signal processing (DSP) systems implemented in FPGA (Field-Programmable Gate Array) devices, utilizing Dynamic Partial Reconfiguration (DPR) mechanisms. It describes hardware architectures that enable selective replacement of logic configuration fragments in real time. Applications of DPR are proposed for the implementation of Fast Fourier Transform (FFT), adaptive filtering, and sound signal synthesis, where the"
https://openalex.org/W4416151651,https://doi.org/10.1007/978-981-95-1746-6_85,2025,conference-paper,Dynamic LLM Selection for Humanoid Robots: A Hybrid Approach with Edge Caching,Lecture notes in networks and systems,Robotics and Automated Systems,dynamic model selection,,
https://openalex.org/W4416158214,https://doi.org/10.1007/978-981-95-3055-7_1,2025,conference-paper,ACL: Adaptive Chunking of Large Language Models for Efficient Inference on Automotive Edge Devices,Lecture notes in computer science,Advanced Neural Network Applications,dynamic inference,,
https://openalex.org/W4416271107,https://doi.org/10.48550/arxiv.2503.20245,2025,preprint,ESSR: An 8K@30FPS Super-Resolution Accelerator With Edge Selective Network,arXiv (Cornell University),Advanced Image Processing Techniques,model switching,,"Deep learning-based super-resolution (SR) is challenging to implement in resource-constrained edge devices for resolutions beyond full HD due to its high computational complexity and memory bandwidth requirements. This paper introduces an 8K@30FPS SR accelerator with edge-selective dynamic input processing. Dynamic processing chooses the appropriate subnets for different patches based on simple input edge criteria, achieving a 50\% MAC reduction with"
https://openalex.org/W4416613003,https://doi.org/10.48550/arxiv.2505.23592,2025,preprint,A Modern Theory of Cross-Validation through the Lens of Stability,arXiv (Cornell University),Statistical Methods and Inference,adaptive inference,genom,"Modern data analysis and statistical learning are marked by complex data structures and black-box algorithms. Data complexity stems from technologies such as imaging, remote sensing, wearable devices, and genomic sequencing. At the same time, black-box models, especially deep neural networks, have achieved impressive results. This combination raises new challenges for uncertainty quantification and statistical inference, which we refer to as"
https://openalex.org/W4416923872,https://doi.org/10.1109/miel66332.2025.11261140,2025,conference-paper,"Dynamic Neural Networks for Adaptive Edge AI: Techniques, Tools, and Development Directions",,Advanced Neural Network Applications,runtime adaptation,,"Edge artificial intelligence (Edge AI) is increasingly vital in smart surveillance, industrial IoT, and autonomous systems, where real-time processing and energy efficiency are critical. Traditional deep neural networks are accurate but static and resource-hungry, limiting deployment on constrained devices. Dynamic neural networks enable input-adaptive computation, adjusting workload at runtime to context, input difficulty, and hardware limits. This survey synthesizes methods"
https://openalex.org/W4416924381,https://doi.org/10.1109/indiscon66021.2025.11254544,2025,conference-paper,Energy-Aware Deep Neural Networks with Intelligent Adaptive Inference for Sustainable IoT Deployments,,IoT and Edge/Fog Computing,adaptive inference,,An adaptive Long Short-Term Memory (Adaptive LSTM) is proposed in this paper to provide real-time energy efficient anomaly detection in resource-limited Internet of Things (IoT) healthcare systems. The model is designed to adjust the learning complexity in a dynamic manner by using optimized gating mechanisms and dropout regularization to balance accuracy and energy efficiency. The developed model is evaluated on
https://openalex.org/W4417118879,https://doi.org/10.48550/arxiv.2506.06505,2025,preprint,InstantFT: An FPGA-Based Runtime Subsecond Fine-tuning of CNN Models,arXiv (Cornell University),Advanced Neural Network Applications,runtime adaptation,,"Training deep neural networks (DNNs) requires significantly more computation and memory than inference, making runtime adaptation of DNNs challenging on resource-limited IoT platforms. We propose InstantFT, an FPGA-based method for ultra-fast CNN fine-tuning on IoT devices, by optimizing the forward and backward computations in parameter-efficient fine-tuning (PEFT). Experiments on datasets with concept drift demonstrate that InstantFT fine-tunes a pre-trained CNN"
https://openalex.org/W4417119112,https://doi.org/10.48550/arxiv.2506.06579,2025,preprint,Towards Efficient Multi-LLM Inference: Characterization and Analysis of LLM Routing and Hierarchical Techniques,arXiv (Cornell University),Big Data and Digital Economy,adaptive model selection,,"Recent progress in Language Models (LMs) has dramatically advanced the field of natural language processing (NLP), excelling at tasks like text generation, summarization, and question answering. However, their inference remains computationally expensive and energy intensive, especially in settings with limited hardware, power, or bandwidth. This makes it difficult to deploy LMs in mobile, edge, or cost sensitive environments. To address"
https://openalex.org/W4417163385,https://doi.org/10.48550/arxiv.2508.01107,2025,preprint,Variational Autoencoder-Based Black-Box Adversarial Attack on Collaborative DNN Inference,arXiv (Cornell University),Adversarial Robustness in Machine Learning,dynamic DNN,,"In recent years, Deep Neural Networks (DNNs) have become increasingly integral to IoT-based environments, enabling realtime visual computing. However, the limited computational capacity of these devices has motivated the adoption of collaborative DNN inference, where the IoT device offloads part of the inference-related computation to a remote server. Such offloading often requires dynamic DNN partitioning information to be exchanged among"
https://openalex.org/W4417169835,https://doi.org/10.1109/dsd67783.2025.00031,2025,conference-paper,AIDA4Edge: Twinning for Excellence in Adaptive Edge Artificial Intelligence,,Advanced Memory and Neural Computing,runtime adaptation,,"The growing demand for deployment of Artificial Intelligence (AI) on resource-constrained edge devices has motivated extensive research on the design of efficient edge-compatible AI hardware accelerators. One of the most promising solutions are the self-adaptive AI accelerators, capable of optimizing in real time their performance and energy consumption according to application requirements. This work introduces the EU-funded project Twinning for"
https://openalex.org/W4417281723,https://doi.org/10.1109/iccv51701.2025.00339,2025,conference-paper,Learning to Inference Adaptively for Multimodal Large Language Models,,Multimodal Machine Learning Applications,adaptive inference,,"Multimodal Large Language Models (MLLMs) have shown impressive capabilities in visual reasoning, yet come with substantial computational cost, limiting their deployment in resource-constrained settings. Despite recent effort on improving the efficiency of MLLMs, prior solutions fall short in responding to varying runtime conditions, in particular changing resource availability (e.g., contention due to the execution of other programs on the device)."
https://openalex.org/W4417356706,https://doi.org/10.48550/arxiv.2506.10831,2025,preprint,Efficiency Robustness of Dynamic Deep Learning Systems,arXiv (Cornell University),Adversarial Robustness in Machine Learning,adaptive inference|dynamic inference,,"Deep Learning Systems (DLSs) are increasingly deployed in real-time applications, including those in resourceconstrained environments such as mobile and IoT devices. To address efficiency challenges, Dynamic Deep Learning Systems (DDLSs) adapt inference computation based on input complexity, reducing overhead. While this dynamic behavior improves efficiency, such behavior introduces new attack surfaces. In particular, efficiency adversarial attacks exploit these dynamic mechanisms"
https://openalex.org/W4417402941,https://doi.org/10.1109/sbesc68008.2025.11288829,2025,conference-paper,Adaptive Model Switching for Dynamic Inference Serving in the IoT-edge-cloud Continuum,,IoT and Edge/Fog Computing,dynamic inference|model switching,,"Although Internet of Things (IoT) devices have enabled Deep Learning (DL) applications to operate closer to end-users, they struggle to scale with modern, computationally heavy DL algorithms due to their limited processing power. A promising solution is to offload computation to remote edge and cloud servers throughout the IoT-edge-cloud continuum. However, inconsistent network conditions, variable latency, and the distinct accuracy"
https://openalex.org/W4417429814,,2025,preprint,Towards a Proactive Autoscaling Framework for Data Stream Processing at the Edge using GRU and Transfer Learning,arXiv (Cornell University),Data Stream Mining Techniques,runtime adaptation,,"Processing data at high speeds is becoming increasingly critical as digital economies generate enormous data. The current paradigms for timely data processing are edge computing and data stream processing (DSP). Edge computing places resources closer to where data is generated, while stream processing analyzes the unbounded high-speed data in motion. However, edge stream processing faces rapid workload fluctuations, complicating resource"
https://openalex.org/W4417450014,https://doi.org/10.48550/arxiv.2512.12701,2025,preprint,Efficient Vision-Language Reasoning via Adaptive Token Pruning,arXiv (Cornell University),Multimodal Machine Learning Applications,dynamic inference,,"Real-world deployment of Vision-Language Models (VLMs) is hindered by high computational demands, as existing architectures inefficiently process all tokens uniformly. We introduce Adaptive Token Pruning (ATP), a dynamic inference mechanism that retains only the most informative tokens based on contextual relevance. ATP operates at the vision-language interface, assigning a hybrid importance score combining ViT CLS attention (intra-modal saliency) and CLIP"
https://openalex.org/W7106263081,https://doi.org/10.1145/3680207.3765252,2025,conference-paper,EOS: Energy-Optimized Super-Resolution on Mobile Devices for Live 360-Degree Videos,,Image and Video Quality Assessment,adaptive inference,,"Although on-device video super-resolution enables high-quality live 360-degree streaming on mobile devices, existing methods often waste energy by overlooking perceived visual quality. In this paper, we present EOS, an energy-efficient on-device super-resolution system for mobile omnidirectional video (ODV) live streaming. EOS reduces energy waste by dynamically adjusting super-resolution complexity based on the predicted visual quality of super-resolved frames. This approach"
https://openalex.org/W7111357453,https://doi.org/10.5281/zenodo.17855033,2025,article,Adaptive Lightweight Deep Learning Models for Real-Time Medical Image Triage,Zenodo (CERN European Organization for Nuclear Research),COVID-19 diagnosis using AI,dynamic inference,,"This research paper presents a lightweight and adaptive deep learning framework designed for real-time medical image triage. Traditional deep learning models used in diagnostic support are often computationally heavy and unsuitable for deployment in resource-limited environments such as rural hospitals, mobile medical units, and low-power clinical devices. To address this challenge, the study introduces an efficient model architecture that integrates"
https://openalex.org/W7115070665,https://doi.org/10.52058/2786-6025-2025-11(52)-1717-1736,2025,article,DEPLOYING CONVOLUTIONAL NEURAL NETWORK MODELS ON UNMANNED AERIAL VEHICLES ON-BOARD COMPUTER,Наука і техніка сьогодні,Traffic Prediction and Management Techniques,adaptive inference,,"This article presents a comprehensive analysis of methods for optimizing convolutional neural networks (CNNs) for deployment on onboard computers of unmanned aerial vehicles (UAVs).The study formalizes the optimization problem as a constrained multi-objective task, where the neural network architecture-rather than the model weights-serves as the primary decision variable.The paper examines the conflict between accuracy, inference latency, memory footprint, and energy"
https://openalex.org/W7118093888,https://doi.org/10.70528/ijlrp.v6.i7.1866,2025,article,Cost-Aware Agentic Architectures for Multi-Model Routing and Tool-Use Optimisation in CRM Workflows,International Journal of Leading Research Publication.,Multi-Agent Systems and Negotiation,model routing,,"The study presents research into the application of cost-conscious agentic support in the field of multi-model routing and tool-use optimization to the CRM post-sale processes. It is focused on how to dynamically dispatch tasks to suitable model tiers (small, medium, large LLMs) with a view to the minimum expense of API services and high software quality. The study aims to"
https://openalex.org/W7118968403,https://doi.org/10.4018/979-8-3373-5017-2.ch005,2025,book-chapter,Green LLMs,,Green IT and Sustainability,adaptive inference,,"The exponential rise of Large Language Models (LLMs) like GPT, LLaMA, and Gemini has transformed industries such as healthcare, education, and governance but at the cost of massive energy consumption and carbon emissions. This chapter introduces the concept of Green LLMs, emphasizing sustainable design, efficient deployment, and governance frameworks. Technical strategies such as pruning, quantization, knowledge distillation, sparse transformers, and"
https://openalex.org/W7119284166,,2025,dissertation,Efficient deep neural network inference on custom edge accelerators,The HKU Scholars Hub (University of Hong Kong),Advanced Neural Network Applications,adaptive DNN,,"Deep Neural Networks (DNNs) are the foundation of recent waves of artificial intelligence (AI), powering applications from computer vision to natural language processing. Due to increasing demands for low-latency, energy-efficient, and privacy-preserving DNN inference, developing efficient edge DNN accelerators is becoming a necessity. Although general-purpose edge accelerators, such as embedded Graphics Processing Units (GPUs) and edge Tensor Processing Units (TPUs),"
https://openalex.org/W7123640040,https://doi.org/10.1145/3772052.3772261,2025,conference-paper,CIS: Checkpointed Inference for Data Drift-Resilient Model Serving at Edge Servers,,IoT and Edge/Fog Computing,model switching,,"Small deep learning models deployed at edge servers suffer from decreasing accuracy due to data drift and hence require continual learning, which leads to resource competition with inference execution, decreasing accuracy and latency service-level-objective (SLO) fulfillment. Previous methods fail to maximize both accuracy and SLO fulfillment. To address this problem, we propose a Checkpointed Inference-based system for accurate and SLO-guaranteed"
https://openalex.org/W7124420258,https://doi.org/10.1109/msn69125.2025.00018,2025,conference-paper,Mulreact: Dynamic Token Reactivation for Efficient Multi-Turn LLM Inference on Resource constrained Devices,,IoT and Edge/Fog Computing,adaptive inference,,"There is a growing interest in deploying LLM applications on edge and mobile devices due to the high privacy and low network latency they offer. Furthermore, real-world LLM applications often involve long-context multi-round conversations when integrated with technologies like RAG and In-context Learning to improve their ability. However, empowering LLMs to process long contexts consumes significant memory resources due to"
https://openalex.org/W7128613629,https://doi.org/10.1109/icnsc66229.2025.00081,2025,conference-paper,IA-MOE: An Intensity-Aware Mixture of Experts for DNN Inference,,IoT and Edge/Fog Computing,dynamic inference,,"With the ever-increasing parameter scale and structural complexity of deep neural network (DNN) models, traditional cloud-based inference encounters bottlenecks in performance, privacy protection, and energy efficiency. While edge computing and edge intelligence facilitate the migration of inference tasks to edge servers closer to the data source, existing end-edge-cloud collaborative inference still encounters critical challenges, such as sensitivity to heterogeneous resources,"
https://openalex.org/W7128819984,https://doi.org/10.1109/iceca66444.2025.11382721,2025,conference-paper,Carbon-Aware Large Language Models for Edge Inference: Towards Sustainable and Adaptive AI,,IoT and Edge/Fog Computing,adaptive inference,,"The growing use of Large Language Models (LLMs) on edge devices presents serious challenges in balancing latency, computational performance, and ecological sustainability. Conventional methods focus mainly on energy efficiency in datacenters and neglect the specific constraints and real-time dynamics of distributed edge environments. The paper here introduces a Carbon-Aware LLM Inference Framework for Edge Devices, one that adjusts model behavior"
https://openalex.org/W7131838354,https://doi.org/10.1109/ised67359.2025.11405151,2025,conference-paper,A Novel Dynamic Model Switching Approach for Deep Learning on Edge Devices with Performance Evaluation,,Advanced Neural Network Applications,model switching,,"We propose a novel multi-stage dynamic modelswitching pipeline that enables complex deep learning tasks to run on highly resource-constrained edge devices such as the Arduino Nano 33 Ble Sense and Arduino Nicla Vision. This approach overcomes the RAM, Flash, and compute limitations that prevent the simultaneous execution of multiple vision and audio models on MCUs. Starting with voice recognition, results"
https://openalex.org/W7138267987,https://doi.org/10.1109/satellite67108.2025.11430426,2025,conference-paper,Temperature-Adaptive Inference via Dynamic Switching of Pre-Pruned Models for Satellite Edge Computing,,Spacecraft Design and Technology,adaptive inference|adaptive model selection,,"The proliferation of deep learning has extended model deployment from ground-based servers to resource-constrained edge devices, with satellite edge computing emerging as a critical frontier. However, satellites face unique thermal management challenges due to the lack of passive cooling, leading to performance degradation through hardware frequency throttling when temperatures exceed operational thresholds. Conventional solutions, such as static model pruning, result"
https://openalex.org/W7138939803,https://doi.org/10.1109/globecom59602.2025.11431768,2025,conference-paper,Reinforcement Learning Based Edge-Assisted Dynamic Inference for Mobile Vision,,IoT and Edge/Fog Computing,dynamic DNN|dynamic inference,,"Mobile device can deploy high-complexity vision tasks by reducing spatial redundancy in the inference of deep neural networks (DNNs) and offloading computations to remote servers via wireless channels. However, a trained DNN model with fixed network architecture faces challenges in dynamic scenarios with less overlap between previous and current frames. In this paper, we propose a RL-based edge-assisted mobile vision"
https://openalex.org/W7139116919,https://doi.org/10.1109/globecom59602.2025.11432692,2025,conference-paper,Adaptive Modulation Inference via Input Skipping and Budget-Efficient Exiting,,Wireless Signal Modulation Classification,dynamic inference,,"Automatic Modulation Recognition (AMR) is essential for efficient spectrum utilization, cognitive radio, and secure wireless communications. However, deploying accurate AMR models on resource-constrained devices remains challenging due to substantial computational overhead. Importantly, minimizing inference computational cost—distinct from conventional neural network lightweighting—is critical for meeting strict runtime constraints on resource-limited platforms. This paper proposes the Adaptive Modulation Inference (AMI) framework, a"
https://openalex.org/W7140283802,https://doi.org/10.1109/gcwcn66157.2025.11448406,2025,conference-paper,Dynamic Model Selection for Energy-Efficient AI Systems in Healthcare,,Machine Learning in Healthcare,adaptive inference|dynamic model selection,,"The Dynamic Model Selection (DMS) is a method for the energy efficiency of Artificial Intelligence (AI) systems in the healthcare sector. The DMS framework ensures the best trade-off between the precision of the diagnosis and the power consumed. The PTB-XL electrocardiography (ECG) dataset is work for the experiments, three distinct hierarchical models—Tiny, Medium, and Full Networks—are trained, and a reinforcement"
https://openalex.org/W7141920270,https://doi.org/10.21177/1998-4502-2025-17-4-2199-2210,2025,article,Open UAV Systems for environmental and infrastructure monitoring of mountainous regions: hardware configuration selection for detection tasks,Sustainable Development of Mountain Territories,3D Surveying and Cultural Heritage,configuration selection,,"Introduction. This study investigates the development of open-architecture unmanned aerial vehicle (UAV) systems intended for environmental and infrastructure monitoring in mountainous regions. Mountain landscapes are particularly vulnerable to ecological degradation, geological hazards, and infrastructure failures caused by climate change and human activity. Conventional monitoring techniques based on satellite imagery, ground surveys, or manned aerial missions often suffer from insufficient spatial"
https://openalex.org/W7146037633,,2025,dissertation,環境適応型エッジAIの実現に向けた低電力深層学習アクセラレータ,Institutional Repositories DataBase (IRDB),Military Technology and Strategies,adaptive inference,,"Edge AI has emerged as a promising solution to the computational burden challenges of centralized data centers and resource-constrained endpoint devices by enabling data processing directly within endpoint devices.By leveraging improved network traffic, model compression techniques, and the design of domain-specific accelerators, edge AI provides various advantages while operating under strict power and computation constraints, such as low latency, reduced"
https://openalex.org/W7164532251,https://doi.org/10.12732/ijam.v38i4s.2095,2025,review,LIGHTWEIGHT TRANSFORMER ARCHITECTURES FOR EDGE-BASED COMPUTER VISION: A SYSTEMATIC LITERATURE REVIEW,International Journal of Apllied Mathematics,Advanced Neural Network Applications,dynamic inference,,"The rapid advancement of Vision Transformers (ViTs) has significantly improved performance across diverse computer vision tasks; however, their high computational complexity, memory requirements, and latency constraints limit direct deployment on resource-constrained edge devices. This systematic literature review (SLR) presents a comprehensive analysis of lightweight transformer architectures designed for edge-based computer vision applications. Following a structured search and screening methodology, 70"
https://openalex.org/W7198549142,,2025,article,IA-MoE: An Intensity-Aware Mixture of Experts Framework for Dynamic DNN Partitioning and Efficient Inference,Työväentutkimus Vuosikirja,IoT and Edge/Fog Computing,dynamic DNN|dynamic inference,,"With the ever-increasing parameter scale and structural complexity of deep neural network (DNN) models, traditional cloud-based inference encounters bottlenecks in performance, privacy protection, and energy management. While edge computing and edge intelligence facilitate the migration of inference tasks to edge servers closer to the data source, existing end-edge-cloud collaborative inference still encounters critical challenges, such as sensitivity to heterogeneous resources,"
